公司代码_CompanyCode,证券代码_R_SecuCode,上市公司代码_Comcd,股票代码_Stkcd,最新股票名称_Lstknm,交易时股票代码_Stkcdotrd,上市状态_Listedstate,ISIN编码_ISIN,日期_Date,开盘价_Oppr,最高价_Hipr,最低价_Lopr,收盘价_Clpr,成交量_Trdvol
337067,90_301215,C301215,301215,中汽股份,301215,Norm,CNE1000058K7,2022-03-09,10.39,10.58,9.58,9.91,126682717.0
337067,90_301215,C301215,301215,中汽股份,301215,Norm,CNE1000058K7,2022-03-10,10.2,10.89,9.68,9.7,111541329.0
337067,90_301215,C301215,301215,中汽股份,301215,Norm,CNE1000058K7,2022-03-11,9.1,9.26,8.71,8.94,94072765.0
337067,90_301215,C301215,301215,中汽股份,301215,Norm,CNE1000058K7,2022-03-14,8.6,8.82,8.18,8.2,72565733.0
337067,90_301215,C301215,301215,中汽股份,301215,Norm,CNE1000058K7,2022-03-15,8.01,8.09,7.42,7.49,70627474.0
337067,90_301215,C301215,301215,中汽股份,301215,Norm,CNE1000058K7,2022-03-16,7.66,8.19,7.57,7.99,82468658.0
337067,90_301215,C301215,301215,中汽股份,301215,Norm,CNE1000058K7,2022-03-17,7.9,8.45,7.86,8.19,85354933.0
337067,90_301215,C301215,301215,中汽股份,301215,Norm,CNE1000058K7,2022-03-18,8.15,8.48,8.0,8.24,60668644.0
337067,90_301215,C301215,301215,中汽股份,301215,Norm,CNE1000058K7,2022-03-21,8.15,8.42,8.07,8.08,52763511.0
337067,90_301215,C301215,301215,中汽股份,301215,Norm,CNE1000058K7,2022-03-22,8.05,9.5,7.77,8.56,103672804.0
337067,90_301215,C301215,301215,中汽股份,301215,Norm,CNE1000058K7,2022-03-23,8.36,8.4,8.07,8.09,62903683.0
337067,90_301215,C301215,301215,中汽股份,301215,Norm,CNE1000058K7,2022-03-24,8.0,8.13,7.78,7.78,38220373.0
337067,90_301215,C301215,301215,中汽股份,301215,Norm,CNE1000058K7,2022-03-25,7.83,8.09,7.63,7.83,41762962.0
337067,90_301215,C301215,301215,中汽股份,301215,Norm,CNE1000058K7,2022-03-28,7.7,8.07,7.6,8.0,37343369.0
337067,90_301215,C301215,301215,中汽股份,301215,Norm,CNE1000058K7,2022-03-29,7.94,8.01,7.56,7.58,38095437.0
337067,90_301215,C301215,301215,中汽股份,301215,Norm,CNE1000058K7,2022-03-30,7.64,7.7,7.51,7.63,23758408.0
337067,90_301215,C301215,301215,中汽股份,301215,Norm,CNE1000058K7,2022-03-31,7.58,7.7,7.24,7.26,36058521.0
337067,90_301215,C301215,301215,中汽股份,301215,Norm,CNE1000058K7,2022-04-01,7.23,7.24,6.95,6.95,36681900.0
337067,90_301215,C301215,301215,中汽股份,301215,Norm,CNE1000058K7,2022-04-06,7.0,7.22,6.96,7.11,27069181.0
337067,90_301215,C301215,301215,中汽股份,301215,Norm,CNE1000058K7,2022-04-07,7.17,7.46,7.12,7.34,42418507.0
337067,90_301215,C301215,301215,中汽股份,301215,Norm,CNE1000058K7,2022-04-08,7.26,7.28,6.92,6.93,36456227.0
337067,90_301215,C301215,301215,中汽股份,301215,Norm,CNE1000058K7,2022-04-11,6.88,6.96,6.48,6.57,25604050.0
337067,90_301215,C301215,301215,中汽股份,301215,Norm,CNE1000058K7,2022-04-12,6.61,6.77,6.53,6.77,20200087.0
337067,90_301215,C301215,301215,中汽股份,301215,Norm,CNE1000058K7,2022-04-13,6.72,7.09,6.57,6.77,32517737.0
337067,90_301215,C301215,301215,中汽股份,301215,Norm,CNE1000058K7,2022-04-14,6.7,6.99,6.7,6.79,22581474.0
337067,90_301215,C301215,301215,中汽股份,301215,Norm,CNE1000058K7,2022-04-15,6.68,6.69,6.34,6.45,30527355.0
337067,90_301215,C301215,301215,中汽股份,301215,Norm,CNE1000058K7,2022-04-18,6.52,6.96,6.5,6.85,38426257.0
337067,90_301215,C301215,301215,中汽股份,301215,Norm,CNE1000058K7,2022-04-19,6.82,6.99,6.62,6.67,29611143.0
337067,90_301215,C301215,301215,中汽股份,301215,Norm,CNE1000058K7,2022-04-20,6.64,6.79,6.48,6.56,22300730.0
337067,90_301215,C301215,301215,中汽股份,301215,Norm,CNE1000058K7,2022-04-21,6.54,6.61,6.16,6.23,24511444.0
337067,90_301215,C301215,301215,中汽股份,301215,Norm,CNE1000058K7,2022-04-22,6.23,7.32,6.2,6.69,56918628.0
337067,90_301215,C301215,301215,中汽股份,301215,Norm,CNE1000058K7,2022-04-25,6.51,6.59,5.89,5.95,45529015.0
337067,90_301215,C301215,301215,中汽股份,301215,Norm,CNE1000058K7,2022-04-26,5.94,6.08,5.55,5.67,35181936.0
337067,90_301215,C301215,301215,中汽股份,301215,Norm,CNE1000058K7,2022-04-27,5.54,5.82,5.34,5.8,29310582.0
337067,90_301215,C301215,301215,中汽股份,301215,Norm,CNE1000058K7,2022-04-28,5.69,5.74,5.44,5.54,21661201.0
337067,90_301215,C301215,301215,中汽股份,301215,Norm,CNE1000058K7,2022-04-29,5.59,5.91,5.57,5.84,26851705.0
337067,90_301215,C301215,301215,中汽股份,301215,Norm,CNE1000058K7,2022-05-05,5.83,6.23,5.8,6.1,28827219.0
337067,90_301215,C301215,301215,中汽股份,301215,Norm,CNE1000058K7,2022-05-06,5.95,6.14,5.9,5.97,17291392.0
337067,90_301215,C301215,301215,中汽股份,301215,Norm,CNE1000058K7,2022-05-09,6.0,6.15,5.97,6.04,14686132.0
337067,90_301215,C301215,301215,中汽股份,301215,Norm,CNE1000058K7,2022-05-10,5.97,6.23,5.91,6.18,20147124.0
337067,90_301215,C301215,301215,中汽股份,301215,Norm,CNE1000058K7,2022-05-11,6.22,6.6,6.13,6.26,35451006.0
337067,90_301215,C301215,301215,中汽股份,301215,Norm,CNE1000058K7,2022-05-12,6.11,6.25,6.03,6.14,22916644.0
337067,90_301215,C301215,301215,中汽股份,301215,Norm,CNE1000058K7,2022-05-13,6.2,6.45,6.13,6.45,35509955.0
337067,90_301215,C301215,301215,中汽股份,301215,Norm,CNE1000058K7,2022-05-16,6.37,6.46,6.23,6.3,23307061.0
337067,90_301215,C301215,301215,中汽股份,301215,Norm,CNE1000058K7,2022-05-17,6.3,6.95,6.2,6.62,54124503.0
337067,90_301215,C301215,301215,中汽股份,301215,Norm,CNE1000058K7,2022-05-18,6.55,7.27,6.41,6.9,65039299.0
337067,90_301215,C301215,301215,中汽股份,301215,Norm,CNE1000058K7,2022-05-19,6.7,6.88,6.63,6.85,41036642.0
337067,90_301215,C301215,301215,中汽股份,301215,Norm,CNE1000058K7,2022-05-20,6.85,7.02,6.71,6.78,36195708.0
337067,90_301215,C301215,301215,中汽股份,301215,Norm,CNE1000058K7,2022-05-23,6.8,6.94,6.64,6.85,35992736.0
337067,90_301215,C301215,301215,中汽股份,301215,Norm,CNE1000058K7,2022-05-24,6.98,7.05,6.38,6.43,37589470.0
337067,90_301215,C301215,301215,中汽股份,301215,Norm,CNE1000058K7,2022-05-25,6.35,6.8,6.35,6.67,28653865.0
337067,90_301215,C301215,301215,中汽股份,301215,Norm,CNE1000058K7,2022-05-26,6.63,6.76,6.4,6.41,26322447.0
337067,90_301215,C301215,301215,中汽股份,301215,Norm,CNE1000058K7,2022-05-27,6.52,7.69,6.52,7.69,56907868.0
337067,90_301215,C301215,301215,中汽股份,301215,Norm,CNE1000058K7,2022-05-30,8.46,8.98,7.95,8.09,149216840.0
337067,90_301215,C301215,301215,中汽股份,301215,Norm,CNE1000058K7,2022-05-31,7.66,7.76,7.16,7.31,101418590.0
337067,90_301215,C301215,301215,中汽股份,301215,Norm,CNE1000058K7,2022-06-01,7.3,7.94,7.22,7.63,90035947.0
337067,90_301215,C301215,301215,中汽股份,301215,Norm,CNE1000058K7,2022-06-02,7.51,8.5,7.41,7.78,92334561.0
337067,90_301215,C301215,301215,中汽股份,301215,Norm,CNE1000058K7,2022-06-06,7.65,7.97,7.51,7.64,71216743.0
337067,90_301215,C301215,301215,中汽股份,301215,Norm,CNE1000058K7,2022-06-07,7.53,7.58,7.17,7.23,53301182.0
337067,90_301215,C301215,301215,中汽股份,301215,Norm,CNE1000058K7,2022-06-08,7.26,7.36,6.91,7.36,53281086.0
337067,90_301215,C301215,301215,中汽股份,301215,Norm,CNE1000058K7,2022-06-09,7.25,7.25,6.84,6.84,41726223.0
337067,90_301215,C301215,301215,中汽股份,301215,Norm,CNE1000058K7,2022-06-10,6.8,7.11,6.75,7.07,33893960.0
337067,90_301215,C301215,301215,中汽股份,301215,Norm,CNE1000058K7,2022-06-13,7.03,7.24,6.99,7.15,35442169.0
337067,90_301215,C301215,301215,中汽股份,301215,Norm,CNE1000058K7,2022-06-14,7.29,7.9,7.25,7.59,70477301.0
337067,90_301215,C301215,301215,中汽股份,301215,Norm,CNE1000058K7,2022-06-15,7.41,7.54,7.27,7.27,48803044.0
337067,90_301215,C301215,301215,中汽股份,301215,Norm,CNE1000058K7,2022-06-16,7.21,7.29,7.03,7.13,33641029.0
337067,90_301215,C301215,301215,中汽股份,301215,Norm,CNE1000058K7,2022-06-17,7.0,7.23,6.98,7.19,24083841.0
337067,90_301215,C301215,301215,中汽股份,301215,Norm,CNE1000058K7,2022-06-20,7.19,7.24,7.06,7.12,23207433.0
337067,90_301215,C301215,301215,中汽股份,301215,Norm,CNE1000058K7,2022-06-21,7.08,7.11,6.91,6.98,24600715.0
337067,90_301215,C301215,301215,中汽股份,301215,Norm,CNE1000058K7,2022-06-22,7.0,7.46,6.98,7.1,38576500.0
337067,90_301215,C301215,301215,中汽股份,301215,Norm,CNE1000058K7,2022-06-23,7.02,7.33,7.01,7.3,40783952.0
337067,90_301215,C301215,301215,中汽股份,301215,Norm,CNE1000058K7,2022-06-24,7.24,7.77,7.1,7.45,55373503.0
337067,90_301215,C301215,301215,中汽股份,301215,Norm,CNE1000058K7,2022-06-27,7.38,7.69,7.29,7.57,52644842.0
337067,90_301215,C301215,301215,中汽股份,301215,Norm,CNE1000058K7,2022-06-28,7.46,7.73,7.41,7.59,45338762.0
337067,90_301215,C301215,301215,中汽股份,301215,Norm,CNE1000058K7,2022-06-29,7.5,7.54,7.04,7.05,42254730.0
337067,90_301215,C301215,301215,中汽股份,301215,Norm,CNE1000058K7,2022-06-30,7.03,7.12,6.93,6.94,26007599.0
337067,90_301215,C301215,301215,中汽股份,301215,Norm,CNE1000058K7,2022-07-01,6.96,6.98,6.86,6.9,13921201.0
337067,90_301215,C301215,301215,中汽股份,301215,Norm,CNE1000058K7,2022-07-04,6.95,6.97,6.86,6.94,11659033.0
337067,90_301215,C301215,301215,中汽股份,301215,Norm,CNE1000058K7,2022-07-05,6.96,6.97,6.65,6.76,18612822.0
337067,90_301215,C301215,301215,中汽股份,301215,Norm,CNE1000058K7,2022-07-06,6.75,6.8,6.6,6.66,11816074.0
337067,90_301215,C301215,301215,中汽股份,301215,Norm,CNE1000058K7,2022-07-07,6.7,6.84,6.63,6.77,15322327.0
337067,90_301215,C301215,301215,中汽股份,301215,Norm,CNE1000058K7,2022-07-08,6.72,6.81,6.71,6.71,13081893.0
337067,90_301215,C301215,301215,中汽股份,301215,Norm,CNE1000058K7,2022-07-11,6.71,6.76,6.44,6.47,15766687.0
337067,90_301215,C301215,301215,中汽股份,301215,Norm,CNE1000058K7,2022-07-12,6.56,6.56,6.36,6.36,10279815.0
337067,90_301215,C301215,301215,中汽股份,301215,Norm,CNE1000058K7,2022-07-13,6.34,6.5,6.34,6.43,8597986.0
337067,90_301215,C301215,301215,中汽股份,301215,Norm,CNE1000058K7,2022-07-14,6.41,6.64,6.4,6.56,14145647.0
337067,90_301215,C301215,301215,中汽股份,301215,Norm,CNE1000058K7,2022-07-15,6.71,7.18,6.71,6.72,36485354.0
337067,90_301215,C301215,301215,中汽股份,301215,Norm,CNE1000058K7,2022-07-18,6.55,6.81,6.5,6.77,21941085.0
337067,90_301215,C301215,301215,中汽股份,301215,Norm,CNE1000058K7,2022-07-19,6.75,6.9,6.7,6.79,18100142.0
337067,90_301215,C301215,301215,中汽股份,301215,Norm,CNE1000058K7,2022-07-20,6.8,6.82,6.66,6.74,14925802.0
337067,90_301215,C301215,301215,中汽股份,301215,Norm,CNE1000058K7,2022-07-21,6.72,6.74,6.62,6.65,11640266.0
337067,90_301215,C301215,301215,中汽股份,301215,Norm,CNE1000058K7,2022-07-22,6.63,6.73,6.54,6.67,12459061.0
337067,90_301215,C301215,301215,中汽股份,301215,Norm,CNE1000058K7,2022-07-25,6.63,6.68,6.42,6.44,11857226.0
337067,90_301215,C301215,301215,中汽股份,301215,Norm,CNE1000058K7,2022-07-26,6.44,6.62,6.41,6.59,10751985.0
337067,90_301215,C301215,301215,中汽股份,301215,Norm,CNE1000058K7,2022-07-27,6.69,6.82,6.65,6.77,19443819.0
337067,90_301215,C301215,301215,中汽股份,301215,Norm,CNE1000058K7,2022-07-28,6.71,6.79,6.71,6.73,14261306.0
337067,90_301215,C301215,301215,中汽股份,301215,Norm,CNE1000058K7,2022-07-29,6.73,6.8,6.66,6.71,11915961.0
337067,90_301215,C301215,301215,中汽股份,301215,Norm,CNE1000058K7,2022-08-01,6.69,6.85,6.66,6.82,16318297.0
337067,90_301215,C301215,301215,中汽股份,301215,Norm,CNE1000058K7,2022-08-02,6.72,6.73,6.25,6.34,20978452.0
337067,90_301215,C301215,301215,中汽股份,301215,Norm,CNE1000058K7,2022-08-03,6.33,6.57,6.17,6.24,14167274.0
337067,90_301215,C301215,301215,中汽股份,301215,Norm,CNE1000058K7,2022-08-04,6.31,6.35,6.2,6.32,8315802.0
337067,90_301215,C301215,301215,中汽股份,301215,Norm,CNE1000058K7,2022-08-05,6.32,6.36,6.23,6.35,9031629.0
337067,90_301215,C301215,301215,中汽股份,301215,Norm,CNE1000058K7,2022-08-08,6.32,6.71,6.26,6.54,15934952.0
337067,90_301215,C301215,301215,中汽股份,301215,Norm,CNE1000058K7,2022-08-09,6.43,6.62,6.43,6.54,10575158.0
337067,90_301215,C301215,301215,中汽股份,301215,Norm,CNE1000058K7,2022-08-10,6.48,6.61,6.45,6.56,12693504.0
337067,90_301215,C301215,301215,中汽股份,301215,Norm,CNE1000058K7,2022-08-11,6.58,6.63,6.55,6.57,10372009.0
337067,90_301215,C301215,301215,中汽股份,301215,Norm,CNE1000058K7,2022-08-12,6.57,6.58,6.45,6.46,11583700.0
337067,90_301215,C301215,301215,中汽股份,301215,Norm,CNE1000058K7,2022-08-15,6.48,6.5,6.4,6.42,8660023.0
337067,90_301215,C301215,301215,中汽股份,301215,Norm,CNE1000058K7,2022-08-16,6.45,6.47,6.41,6.44,7362967.0
337067,90_301215,C301215,301215,中汽股份,301215,Norm,CNE1000058K7,2022-08-17,6.43,6.46,6.33,6.39,8942423.0
337067,90_301215,C301215,301215,中汽股份,301215,Norm,CNE1000058K7,2022-08-18,6.46,6.46,6.34,6.35,10487639.0
337067,90_301215,C301215,301215,中汽股份,301215,Norm,CNE1000058K7,2022-08-19,6.35,6.38,6.22,6.24,11214900.0
337067,90_301215,C301215,301215,中汽股份,301215,Norm,CNE1000058K7,2022-08-22,6.21,6.28,6.21,6.27,5924440.0
337067,90_301215,C301215,301215,中汽股份,301215,Norm,CNE1000058K7,2022-08-23,6.26,6.27,6.19,6.22,6642304.0
337067,90_301215,C301215,301215,中汽股份,301215,Norm,CNE1000058K7,2022-08-24,6.21,6.23,5.98,6.01,11855955.0
337067,90_301215,C301215,301215,中汽股份,301215,Norm,CNE1000058K7,2022-08-25,6.06,6.06,5.89,6.0,7332000.0
337067,90_301215,C301215,301215,中汽股份,301215,Norm,CNE1000058K7,2022-08-26,6.0,6.04,5.92,5.93,6306887.0
337067,90_301215,C301215,301215,中汽股份,301215,Norm,CNE1000058K7,2022-08-29,5.83,5.98,5.77,5.98,5919800.0
337067,90_301215,C301215,301215,中汽股份,301215,Norm,CNE1000058K7,2022-08-30,5.94,6.01,5.92,5.97,4484900.0
337067,90_301215,C301215,301215,中汽股份,301215,Norm,CNE1000058K7,2022-08-31,5.97,5.98,5.78,5.79,6970174.0
337067,90_301215,C301215,301215,中汽股份,301215,Norm,CNE1000058K7,2022-09-01,5.82,5.85,5.66,5.67,7407240.0
337067,90_301215,C301215,301215,中汽股份,301215,Norm,CNE1000058K7,2022-09-02,5.72,5.85,5.71,5.81,6923482.0
337067,90_301215,C301215,301215,中汽股份,301215,Norm,CNE1000058K7,2022-09-05,5.77,5.92,5.77,5.85,7894847.0
337067,90_301215,C301215,301215,中汽股份,301215,Norm,CNE1000058K7,2022-09-06,5.84,5.89,5.83,5.88,5830100.0
337067,90_301215,C301215,301215,中汽股份,301215,Norm,CNE1000058K7,2022-09-07,5.85,5.94,5.83,5.87,5707290.0
337067,90_301215,C301215,301215,中汽股份,301215,Norm,CNE1000058K7,2022-09-08,5.7,5.81,5.68,5.75,15029133.0
337067,90_301215,C301215,301215,中汽股份,301215,Norm,CNE1000058K7,2022-09-09,5.73,5.75,5.63,5.68,8941208.0
337067,90_301215,C301215,301215,中汽股份,301215,Norm,CNE1000058K7,2022-09-13,5.71,5.83,5.68,5.76,8318519.0
337067,90_301215,C301215,301215,中汽股份,301215,Norm,CNE1000058K7,2022-09-14,5.71,5.79,5.65,5.77,8359003.0
337067,90_301215,C301215,301215,中汽股份,301215,Norm,CNE1000058K7,2022-09-15,5.78,5.8,5.54,5.6,9672645.0
337067,90_301215,C301215,301215,中汽股份,301215,Norm,CNE1000058K7,2022-09-16,5.61,5.62,5.41,5.44,8308927.0
337067,90_301215,C301215,301215,中汽股份,301215,Norm,CNE1000058K7,2022-09-19,5.41,5.46,5.32,5.33,7402937.0
337067,90_301215,C301215,301215,中汽股份,301215,Norm,CNE1000058K7,2022-09-20,5.36,5.62,5.36,5.55,12746489.0
337067,90_301215,C301215,301215,中汽股份,301215,Norm,CNE1000058K7,2022-09-21,5.53,5.59,5.44,5.56,6604517.0
337067,90_301215,C301215,301215,中汽股份,301215,Norm,CNE1000058K7,2022-09-22,5.53,5.59,5.49,5.5,5923901.0
337067,90_301215,C301215,301215,中汽股份,301215,Norm,CNE1000058K7,2022-09-23,5.55,5.56,5.37,5.4,6142982.0
337067,90_301215,C301215,301215,中汽股份,301215,Norm,CNE1000058K7,2022-09-26,5.4,5.42,5.19,5.22,7413733.0
337067,90_301215,C301215,301215,中汽股份,301215,Norm,CNE1000058K7,2022-09-27,5.22,5.38,5.22,5.38,6827654.0
337067,90_301215,C301215,301215,中汽股份,301215,Norm,CNE1000058K7,2022-09-28,5.35,5.38,5.22,5.22,6270331.0
337067,90_301215,C301215,301215,中汽股份,301215,Norm,CNE1000058K7,2022-09-29,5.28,5.3,5.05,5.09,8049308.0
337067,90_301215,C301215,301215,中汽股份,301215,Norm,CNE1000058K7,2022-09-30,5.07,5.11,4.98,4.98,5619557.0
337067,90_301215,C301215,301215,中汽股份,301215,Norm,CNE1000058K7,2022-10-10,5.02,5.02,4.84,4.86,5761256.0
337067,90_301215,C301215,301215,中汽股份,301215,Norm,CNE1000058K7,2022-10-11,4.86,4.92,4.79,4.91,4937673.0
337067,90_301215,C301215,301215,中汽股份,301215,Norm,CNE1000058K7,2022-10-12,4.9,5.08,4.86,5.08,8723430.0
337067,90_301215,C301215,301215,中汽股份,301215,Norm,CNE1000058K7,2022-10-13,5.08,5.17,5.04,5.12,6273180.0
337067,90_301215,C301215,301215,中汽股份,301215,Norm,CNE1000058K7,2022-10-14,5.13,5.22,5.13,5.2,7210725.0
337067,90_301215,C301215,301215,中汽股份,301215,Norm,CNE1000058K7,2022-10-17,5.18,5.28,5.14,5.27,6431560.0
337067,90_301215,C301215,301215,中汽股份,301215,Norm,CNE1000058K7,2022-10-18,5.3,5.33,5.25,5.26,5877997.0
337067,90_301215,C301215,301215,中汽股份,301215,Norm,CNE1000058K7,2022-10-19,5.28,5.28,5.22,5.22,4710347.0
337067,90_301215,C301215,301215,中汽股份,301215,Norm,CNE1000058K7,2022-10-20,5.22,5.28,5.16,5.19,5630517.0
337067,90_301215,C301215,301215,中汽股份,301215,Norm,CNE1000058K7,2022-10-21,5.2,5.28,5.17,5.18,4351800.0
337067,90_301215,C301215,301215,中汽股份,301215,Norm,CNE1000058K7,2022-10-24,5.18,5.26,5.06,5.08,5591347.0
337067,90_301215,C301215,301215,中汽股份,301215,Norm,CNE1000058K7,2022-10-25,5.19,5.47,5.15,5.3,22046835.0
337067,90_301215,C301215,301215,中汽股份,301215,Norm,CNE1000058K7,2022-10-26,5.25,5.6,5.24,5.47,23981914.0
337067,90_301215,C301215,301215,中汽股份,301215,Norm,CNE1000058K7,2022-10-27,5.41,5.51,5.38,5.43,13362968.0
337067,90_301215,C301215,301215,中汽股份,301215,Norm,CNE1000058K7,2022-10-28,5.39,5.4,5.1,5.12,13332520.0
337067,90_301215,C301215,301215,中汽股份,301215,Norm,CNE1000058K7,2022-10-31,5.1,5.44,5.08,5.37,14762062.0
337067,90_301215,C301215,301215,中汽股份,301215,Norm,CNE1000058K7,2022-11-01,5.4,5.43,5.32,5.43,10334613.0
337067,90_301215,C301215,301215,中汽股份,301215,Norm,CNE1000058K7,2022-11-02,5.46,5.78,5.44,5.64,22637940.0
337067,90_301215,C301215,301215,中汽股份,301215,Norm,CNE1000058K7,2022-11-03,5.56,5.79,5.55,5.7,20065385.0
337067,90_301215,C301215,301215,中汽股份,301215,Norm,CNE1000058K7,2022-11-04,5.65,5.73,5.65,5.72,16663869.0
337067,90_301215,C301215,301215,中汽股份,301215,Norm,CNE1000058K7,2022-11-07,5.8,5.9,5.76,5.77,22349938.0
337067,90_301215,C301215,301215,中汽股份,301215,Norm,CNE1000058K7,2022-11-08,5.77,5.81,5.66,5.69,13237615.0
337067,90_301215,C301215,301215,中汽股份,301215,Norm,CNE1000058K7,2022-11-09,5.68,5.71,5.63,5.65,8147736.0
337067,90_301215,C301215,301215,中汽股份,301215,Norm,CNE1000058K7,2022-11-10,5.63,5.65,5.58,5.59,9016059.0
337067,90_301215,C301215,301215,中汽股份,301215,Norm,CNE1000058K7,2022-11-11,5.72,5.76,5.6,5.6,9277698.0
337067,90_301215,C301215,301215,中汽股份,301215,Norm,CNE1000058K7,2022-11-14,5.58,5.61,5.49,5.52,8739008.0
337067,90_301215,C301215,301215,中汽股份,301215,Norm,CNE1000058K7,2022-11-15,5.56,5.64,5.49,5.64,8100375.0
337067,90_301215,C301215,301215,中汽股份,301215,Norm,CNE1000058K7,2022-11-16,5.63,5.64,5.56,5.59,7171576.0
337067,90_301215,C301215,301215,中汽股份,301215,Norm,CNE1000058K7,2022-11-17,5.58,5.58,5.49,5.56,8527902.0
337067,90_301215,C301215,301215,中汽股份,301215,Norm,CNE1000058K7,2022-11-18,5.56,5.6,5.46,5.46,8451858.0
337067,90_301215,C301215,301215,中汽股份,301215,Norm,CNE1000058K7,2022-11-21,5.46,5.51,5.39,5.5,6652075.0
337067,90_301215,C301215,301215,中汽股份,301215,Norm,CNE1000058K7,2022-11-22,5.5,5.78,5.43,5.64,23397339.0
337067,90_301215,C301215,301215,中汽股份,301215,Norm,CNE1000058K7,2022-11-23,5.6,6.15,5.52,6.01,55840491.0
337067,90_301215,C301215,301215,中汽股份,301215,Norm,CNE1000058K7,2022-11-24,5.84,5.88,5.65,5.74,36981971.0
337067,90_301215,C301215,301215,中汽股份,301215,Norm,CNE1000058K7,2022-11-25,5.67,5.92,5.63,5.71,24069292.0
337067,90_301215,C301215,301215,中汽股份,301215,Norm,CNE1000058K7,2022-11-28,5.63,6.0,5.55,5.85,28920847.0
337067,90_301215,C301215,301215,中汽股份,301215,Norm,CNE1000058K7,2022-11-29,5.78,5.89,5.75,5.87,21247977.0
337067,90_301215,C301215,301215,中汽股份,301215,Norm,CNE1000058K7,2022-11-30,5.85,6.49,5.78,6.25,61363478.0
337067,90_301215,C301215,301215,中汽股份,301215,Norm,CNE1000058K7,2022-12-01,6.19,6.31,6.03,6.09,39443225.0
337067,90_301215,C301215,301215,中汽股份,301215,Norm,CNE1000058K7,2022-12-02,6.04,6.09,5.93,5.96,21828554.0
337067,90_301215,C301215,301215,中汽股份,301215,Norm,CNE1000058K7,2022-12-05,6.05,6.35,5.99,6.3,45570548.0
337067,90_301215,C301215,301215,中汽股份,301215,Norm,CNE1000058K7,2022-12-06,6.21,6.3,6.13,6.3,28032719.0
337067,90_301215,C301215,301215,中汽股份,301215,Norm,CNE1000058K7,2022-12-07,6.3,6.58,6.1,6.13,37998829.0
337067,90_301215,C301215,301215,中汽股份,301215,Norm,CNE1000058K7,2022-12-08,6.07,6.08,5.93,5.95,24131674.0
337067,90_301215,C301215,301215,中汽股份,301215,Norm,CNE1000058K7,2022-12-09,5.92,6.06,5.89,6.03,16099951.0
337067,90_301215,C301215,301215,中汽股份,301215,Norm,CNE1000058K7,2022-12-12,5.99,5.99,5.81,5.85,13358233.0
337067,90_301215,C301215,301215,中汽股份,301215,Norm,CNE1000058K7,2022-12-13,5.8,5.93,5.79,5.79,8699592.0
337067,90_301215,C301215,301215,中汽股份,301215,Norm,CNE1000058K7,2022-12-14,5.8,5.8,5.64,5.72,11688648.0
337067,90_301215,C301215,301215,中汽股份,301215,Norm,CNE1000058K7,2022-12-15,5.74,5.89,5.68,5.79,11734248.0
337067,90_301215,C301215,301215,中汽股份,301215,Norm,CNE1000058K7,2022-12-16,5.71,5.74,5.62,5.7,10304577.0
337067,90_301215,C301215,301215,中汽股份,301215,Norm,CNE1000058K7,2022-12-19,5.7,5.74,5.48,5.51,8702742.0
337067,90_301215,C301215,301215,中汽股份,301215,Norm,CNE1000058K7,2022-12-20,5.49,5.56,5.42,5.53,6240102.0
337067,90_301215,C301215,301215,中汽股份,301215,Norm,CNE1000058K7,2022-12-21,5.5,5.55,5.31,5.36,7015922.0
337067,90_301215,C301215,301215,中汽股份,301215,Norm,CNE1000058K7,2022-12-22,5.42,5.43,5.23,5.26,7565131.0
337067,90_301215,C301215,301215,中汽股份,301215,Norm,CNE1000058K7,2022-12-23,5.25,5.29,5.17,5.21,6027262.0
337067,90_301215,C301215,301215,中汽股份,301215,Norm,CNE1000058K7,2022-12-26,5.21,5.31,5.2,5.3,5789755.0
337067,90_301215,C301215,301215,中汽股份,301215,Norm,CNE1000058K7,2022-12-27,5.3,5.33,5.22,5.3,7946831.0
337067,90_301215,C301215,301215,中汽股份,301215,Norm,CNE1000058K7,2022-12-28,5.29,5.29,5.12,5.14,9393057.0
337067,90_301215,C301215,301215,中汽股份,301215,Norm,CNE1000058K7,2022-12-29,5.1,5.19,5.1,5.11,4891423.0
337067,90_301215,C301215,301215,中汽股份,301215,Norm,CNE1000058K7,2022-12-30,5.13,5.22,5.13,5.17,6175313.0
337067,90_301215,C301215,301215,中汽股份,301215,Norm,CNE1000058K7,2023-01-03,5.19,5.31,5.16,5.3,8126999.0
337067,90_301215,C301215,301215,中汽股份,301215,Norm,CNE1000058K7,2023-01-04,5.27,5.36,5.26,5.33,6428402.0
337067,90_301215,C301215,301215,中汽股份,301215,Norm,CNE1000058K7,2023-01-05,5.35,5.35,5.3,5.3,4986227.0
337067,90_301215,C301215,301215,中汽股份,301215,Norm,CNE1000058K7,2023-01-06,5.29,5.4,5.28,5.3,6327688.0
337067,90_301215,C301215,301215,中汽股份,301215,Norm,CNE1000058K7,2023-01-09,5.31,5.36,5.31,5.32,4588919.0
337067,90_301215,C301215,301215,中汽股份,301215,Norm,CNE1000058K7,2023-01-10,5.35,5.48,5.26,5.44,11971784.0
337067,90_301215,C301215,301215,中汽股份,301215,Norm,CNE1000058K7,2023-01-11,5.42,5.42,5.28,5.29,8693543.0
337067,90_301215,C301215,301215,中汽股份,301215,Norm,CNE1000058K7,2023-01-12,5.28,5.34,5.26,5.29,4288147.0
337067,90_301215,C301215,301215,中汽股份,301215,Norm,CNE1000058K7,2023-01-13,5.28,5.33,5.27,5.3,4103539.0
337067,90_301215,C301215,301215,中汽股份,301215,Norm,CNE1000058K7,2023-01-16,5.33,5.38,5.3,5.35,6448079.0
337067,90_301215,C301215,301215,中汽股份,301215,Norm,CNE1000058K7,2023-01-17,5.35,5.35,5.28,5.28,5158081.0
337067,90_301215,C301215,301215,中汽股份,301215,Norm,CNE1000058K7,2023-01-18,5.3,5.33,5.28,5.3,3900262.0
337067,90_301215,C301215,301215,中汽股份,301215,Norm,CNE1000058K7,2023-01-19,5.3,5.38,5.29,5.37,5555840.0
337067,90_301215,C301215,301215,中汽股份,301215,Norm,CNE1000058K7,2023-01-20,5.39,5.43,5.35,5.42,6026864.0
337067,90_301215,C301215,301215,中汽股份,301215,Norm,CNE1000058K7,2023-01-30,5.51,5.61,5.49,5.55,14737079.0
337067,90_301215,C301215,301215,中汽股份,301215,Norm,CNE1000058K7,2023-01-31,5.51,5.97,5.51,5.77,30052485.0
337067,90_301215,C301215,301215,中汽股份,301215,Norm,CNE1000058K7,2023-02-01,5.71,5.83,5.71,5.8,18176848.0
337067,90_301215,C301215,301215,中汽股份,301215,Norm,CNE1000058K7,2023-02-02,5.79,5.8,5.71,5.73,11813929.0
337067,90_301215,C301215,301215,中汽股份,301215,Norm,CNE1000058K7,2023-02-03,5.73,5.79,5.68,5.75,10131100.0
337067,90_301215,C301215,301215,中汽股份,301215,Norm,CNE1000058K7,2023-02-06,5.74,5.79,5.71,5.76,7711198.0
337067,90_301215,C301215,301215,中汽股份,301215,Norm,CNE1000058K7,2023-02-07,5.75,5.85,5.73,5.83,11810832.0
337067,90_301215,C301215,301215,中汽股份,301215,Norm,CNE1000058K7,2023-02-08,5.82,5.82,5.74,5.76,7539041.0
337067,90_301215,C301215,301215,中汽股份,301215,Norm,CNE1000058K7,2023-02-09,5.73,5.87,5.72,5.84,10114580.0
337067,90_301215,C301215,301215,中汽股份,301215,Norm,CNE1000058K7,2023-02-10,5.85,5.86,5.76,5.81,7920396.0
337067,90_301215,C301215,301215,中汽股份,301215,Norm,CNE1000058K7,2023-02-13,5.85,5.93,5.81,5.93,12009276.0
337067,90_301215,C301215,301215,中汽股份,301215,Norm,CNE1000058K7,2023-02-14,5.92,5.95,5.82,5.85,9172270.0
337067,90_301215,C301215,301215,中汽股份,301215,Norm,CNE1000058K7,2023-02-15,5.86,5.89,5.82,5.88,8296099.0
337067,90_301215,C301215,301215,中汽股份,301215,Norm,CNE1000058K7,2023-02-16,5.86,5.88,5.61,5.67,13268743.0
337067,90_301215,C301215,301215,中汽股份,301215,Norm,CNE1000058K7,2023-02-17,5.67,5.75,5.63,5.67,7793827.0
337067,90_301215,C301215,301215,中汽股份,301215,Norm,CNE1000058K7,2023-02-20,5.67,5.78,5.62,5.75,6276062.0
337067,90_301215,C301215,301215,中汽股份,301215,Norm,CNE1000058K7,2023-02-21,5.75,5.85,5.73,5.8,8539395.0
337067,90_301215,C301215,301215,中汽股份,301215,Norm,CNE1000058K7,2023-02-22,5.8,5.85,5.75,5.77,6085000.0
337067,90_301215,C301215,301215,中汽股份,301215,Norm,CNE1000058K7,2023-02-23,5.78,5.82,5.71,5.74,7029326.0
337067,90_301215,C301215,301215,中汽股份,301215,Norm,CNE1000058K7,2023-02-24,5.78,5.78,5.67,5.69,4775338.0
337067,90_301215,C301215,301215,中汽股份,301215,Norm,CNE1000058K7,2023-02-27,5.68,5.7,5.58,5.61,5504950.0
337067,90_301215,C301215,301215,中汽股份,301215,Norm,CNE1000058K7,2023-02-28,5.64,5.68,5.59,5.66,3882396.0
337067,90_301215,C301215,301215,中汽股份,301215,Norm,CNE1000058K7,2023-03-01,5.66,5.82,5.64,5.82,10787463.0
337067,90_301215,C301215,301215,中汽股份,301215,Norm,CNE1000058K7,2023-03-02,5.8,5.96,5.76,5.84,18033261.0
337067,90_301215,C301215,301215,中汽股份,301215,Norm,CNE1000058K7,2023-03-03,5.78,6.22,5.68,6.02,43670238.0
337067,90_301215,C301215,301215,中汽股份,301215,Norm,CNE1000058K7,2023-03-06,6.01,6.17,5.94,6.0,34892055.0
337067,90_301215,C301215,301215,中汽股份,301215,Norm,CNE1000058K7,2023-03-07,5.96,6.39,5.94,6.11,56021263.0
337067,90_301215,C301215,301215,中汽股份,301215,Norm,CNE1000058K7,2023-03-08,6.01,6.05,5.9,5.96,31949576.0
337067,90_301215,C301215,301215,中汽股份,301215,Norm,CNE1000058K7,2023-03-09,5.95,5.95,5.83,5.9,19885843.0
337067,90_301215,C301215,301215,中汽股份,301215,Norm,CNE1000058K7,2023-03-10,6.04,7.08,6.04,6.64,120113604.0
337067,90_301215,C301215,301215,中汽股份,301215,Norm,CNE1000058K7,2023-03-13,6.34,6.37,6.09,6.18,87485648.0
337067,90_301215,C301215,301215,中汽股份,301215,Norm,CNE1000058K7,2023-03-14,6.12,6.13,5.92,6.0,48032064.0
337067,90_301215,C301215,301215,中汽股份,301215,Norm,CNE1000058K7,2023-03-15,6.01,6.21,5.94,6.12,45407966.0
337067,90_301215,C301215,301215,中汽股份,301215,Norm,CNE1000058K7,2023-03-16,6.05,6.28,5.97,6.15,43242962.0
337067,90_301215,C301215,301215,中汽股份,301215,Norm,CNE1000058K7,2023-03-17,6.12,6.2,6.07,6.12,33529963.0
337067,90_301215,C301215,301215,中汽股份,301215,Norm,CNE1000058K7,2023-03-20,6.06,6.18,5.95,5.97,31261628.0
337067,90_301215,C301215,301215,中汽股份,301215,Norm,CNE1000058K7,2023-03-21,5.94,5.94,5.75,5.84,31156358.0
337067,90_301215,C301215,301215,中汽股份,301215,Norm,CNE1000058K7,2023-03-22,5.83,5.88,5.76,5.82,18238547.0
337067,90_301215,C301215,301215,中汽股份,301215,Norm,CNE1000058K7,2023-03-23,5.79,5.88,5.75,5.88,18417378.0
337067,90_301215,C301215,301215,中汽股份,301215,Norm,CNE1000058K7,2023-03-24,5.85,5.86,5.78,5.8,14596403.0
337067,90_301215,C301215,301215,中汽股份,301215,Norm,CNE1000058K7,2023-03-27,5.78,5.8,5.7,5.75,13694950.0
337067,90_301215,C301215,301215,中汽股份,301215,Norm,CNE1000058K7,2023-03-28,5.75,5.82,5.74,5.81,13677655.0
337067,90_301215,C301215,301215,中汽股份,301215,Norm,CNE1000058K7,2023-03-29,5.82,5.88,5.75,5.8,11845402.0
337067,90_301215,C301215,301215,中汽股份,301215,Norm,CNE1000058K7,2023-03-30,5.78,5.78,5.58,5.66,15450986.0
337067,90_301215,C301215,301215,中汽股份,301215,Norm,CNE1000058K7,2023-03-31,5.68,5.69,5.65,5.68,7717973.0
337067,90_301215,C301215,301215,中汽股份,301215,Norm,CNE1000058K7,2023-04-03,5.66,5.76,5.63,5.72,9128831.0
337067,90_301215,C301215,301215,中汽股份,301215,Norm,CNE1000058K7,2023-04-04,5.71,5.85,5.66,5.85,19983520.0
337067,90_301215,C301215,301215,中汽股份,301215,Norm,CNE1000058K7,2023-04-06,5.82,5.82,5.73,5.79,12202131.0
337067,90_301215,C301215,301215,中汽股份,301215,Norm,CNE1000058K7,2023-04-07,5.78,5.85,5.77,5.8,10207815.0
337067,90_301215,C301215,301215,中汽股份,301215,Norm,CNE1000058K7,2023-04-10,5.82,5.89,5.76,5.77,12226400.0
337067,90_301215,C301215,301215,中汽股份,301215,Norm,CNE1000058K7,2023-04-11,5.8,5.81,5.61,5.66,11594547.0
337067,90_301215,C301215,301215,中汽股份,301215,Norm,CNE1000058K7,2023-04-12,5.68,5.71,5.62,5.68,8461516.0
337067,90_301215,C301215,301215,中汽股份,301215,Norm,CNE1000058K7,2023-04-13,5.67,5.72,5.64,5.66,7310475.0
337067,90_301215,C301215,301215,中汽股份,301215,Norm,CNE1000058K7,2023-04-14,5.69,5.8,5.66,5.76,13198329.0
337067,90_301215,C301215,301215,中汽股份,301215,Norm,CNE1000058K7,2023-04-17,5.73,5.9,5.7,5.89,19920740.0
337067,90_301215,C301215,301215,中汽股份,301215,Norm,CNE1000058K7,2023-04-18,5.89,5.9,5.77,5.83,11756078.0
337067,90_301215,C301215,301215,中汽股份,301215,Norm,CNE1000058K7,2023-04-19,5.8,5.89,5.77,5.83,12198017.0
337067,90_301215,C301215,301215,中汽股份,301215,Norm,CNE1000058K7,2023-04-20,5.83,5.83,5.67,5.71,13045000.0
337067,90_301215,C301215,301215,中汽股份,301215,Norm,CNE1000058K7,2023-04-21,5.69,5.85,5.64,5.65,15671312.0
337067,90_301215,C301215,301215,中汽股份,301215,Norm,CNE1000058K7,2023-04-24,5.72,5.72,5.42,5.46,14176724.0
337067,90_301215,C301215,301215,中汽股份,301215,Norm,CNE1000058K7,2023-04-25,5.5,5.63,5.37,5.46,10986364.0
337067,90_301215,C301215,301215,中汽股份,301215,Norm,CNE1000058K7,2023-04-26,5.45,5.64,5.4,5.58,12734077.0
337067,90_301215,C301215,301215,中汽股份,301215,Norm,CNE1000058K7,2023-04-27,5.6,5.65,5.52,5.59,8082981.0
337067,90_301215,C301215,301215,中汽股份,301215,Norm,CNE1000058K7,2023-04-28,5.59,5.67,5.57,5.66,11475131.0
337067,90_301215,C301215,301215,中汽股份,301215,Norm,CNE1000058K7,2023-05-04,5.63,5.79,5.6,5.79,14045918.0
337067,90_301215,C301215,301215,中汽股份,301215,Norm,CNE1000058K7,2023-05-05,5.78,5.96,5.74,5.94,24308159.0
337067,90_301215,C301215,301215,中汽股份,301215,Norm,CNE1000058K7,2023-05-08,5.96,6.24,5.93,6.17,40549550.0
337067,90_301215,C301215,301215,中汽股份,301215,Norm,CNE1000058K7,2023-05-09,6.1,6.76,6.07,6.27,61738085.0
337067,90_301215,C301215,301215,中汽股份,301215,Norm,CNE1000058K7,2023-05-10,6.23,7.22,6.22,6.98,90208795.0
337067,90_301215,C301215,301215,中汽股份,301215,Norm,CNE1000058K7,2023-05-11,6.74,6.74,6.38,6.43,67581050.0
337067,90_301215,C301215,301215,中汽股份,301215,Norm,CNE1000058K7,2023-05-12,6.31,6.4,6.21,6.24,38397304.0
337067,90_301215,C301215,301215,中汽股份,301215,Norm,CNE1000058K7,2023-05-15,6.22,6.27,6.06,6.23,29896409.0
337067,90_301215,C301215,301215,中汽股份,301215,Norm,CNE1000058K7,2023-05-16,6.29,6.46,6.15,6.15,37767209.0
337067,90_301215,C301215,301215,中汽股份,301215,Norm,CNE1000058K7,2023-05-17,6.0,6.27,5.97,6.19,27599536.0
337067,90_301215,C301215,301215,中汽股份,301215,Norm,CNE1000058K7,2023-05-18,6.17,6.17,6.04,6.07,21558154.0
337067,90_301215,C301215,301215,中汽股份,301215,Norm,CNE1000058K7,2023-05-19,6.09,6.09,5.93,6.01,17451078.0
337067,90_301215,C301215,301215,中汽股份,301215,Norm,CNE1000058K7,2023-05-22,5.98,6.05,5.94,6.0,12137940.0
337067,90_301215,C301215,301215,中汽股份,301215,Norm,CNE1000058K7,2023-05-23,5.99,5.99,5.83,5.83,16970863.0
337067,90_301215,C301215,301215,中汽股份,301215,Norm,CNE1000058K7,2023-05-24,5.82,5.9,5.8,5.83,11194700.0
337067,90_301215,C301215,301215,中汽股份,301215,Norm,CNE1000058K7,2023-05-25,5.81,5.85,5.71,5.83,12337563.0
337067,90_301215,C301215,301215,中汽股份,301215,Norm,CNE1000058K7,2023-05-26,5.81,5.92,5.72,5.9,13750224.0
337067,90_301215,C301215,301215,中汽股份,301215,Norm,CNE1000058K7,2023-05-29,5.9,6.16,5.83,6.11,33335408.0
337067,90_301215,C301215,301215,中汽股份,301215,Norm,CNE1000058K7,2023-05-30,6.05,6.22,6.02,6.12,25530905.0
337067,90_301215,C301215,301215,中汽股份,301215,Norm,CNE1000058K7,2023-05-31,6.08,6.1,6.0,6.03,14537797.0
337067,90_301215,C301215,301215,中汽股份,301215,Norm,CNE1000058K7,2023-06-01,6.03,6.23,5.96,6.19,27464589.0
337067,90_301215,C301215,301215,中汽股份,301215,Norm,CNE1000058K7,2023-06-02,6.22,6.27,6.16,6.17,19517165.0
337067,90_301215,C301215,301215,中汽股份,301215,Norm,CNE1000058K7,2023-06-05,6.17,6.23,6.12,6.15,13113074.0
337067,90_301215,C301215,301215,中汽股份,301215,Norm,CNE1000058K7,2023-06-06,6.15,6.2,6.04,6.07,11500882.0
337067,90_301215,C301215,301215,中汽股份,301215,Norm,CNE1000058K7,2023-06-07,6.05,6.14,6.04,6.08,9983842.0
337067,90_301215,C301215,301215,中汽股份,301215,Norm,CNE1000058K7,2023-06-08,6.07,6.22,6.01,6.2,20082627.0
337067,90_301215,C301215,301215,中汽股份,301215,Norm,CNE1000058K7,2023-06-09,6.26,6.47,6.23,6.31,32454477.0
337067,90_301215,C301215,301215,中汽股份,301215,Norm,CNE1000058K7,2023-06-12,6.21,6.47,6.19,6.43,32809284.0
337067,90_301215,C301215,301215,中汽股份,301215,Norm,CNE1000058K7,2023-06-13,6.38,6.55,6.36,6.38,23664400.0
337067,90_301215,C301215,301215,中汽股份,301215,Norm,CNE1000058K7,2023-06-14,6.35,6.58,6.29,6.43,33507479.0
337067,90_301215,C301215,301215,中汽股份,301215,Norm,CNE1000058K7,2023-06-15,6.33,6.42,6.27,6.31,22022416.0
337067,90_301215,C301215,301215,中汽股份,301215,Norm,CNE1000058K7,2023-06-16,6.37,6.45,6.31,6.33,17419200.0
337067,90_301215,C301215,301215,中汽股份,301215,Norm,CNE1000058K7,2023-06-19,6.32,6.39,6.25,6.27,14511228.0
337067,90_301215,C301215,301215,中汽股份,301215,Norm,CNE1000058K7,2023-06-20,6.25,6.28,6.18,6.18,11368078.0
337067,90_301215,C301215,301215,中汽股份,301215,Norm,CNE1000058K7,2023-06-21,6.18,6.26,6.12,6.16,11094200.0
337067,90_301215,C301215,301215,中汽股份,301215,Norm,CNE1000058K7,2023-06-26,6.13,6.27,5.99,6.03,14622035.0
337067,90_301215,C301215,301215,中汽股份,301215,Norm,CNE1000058K7,2023-06-27,6.03,6.17,6.0,6.15,9723056.0
337067,90_301215,C301215,301215,中汽股份,301215,Norm,CNE1000058K7,2023-06-28,6.15,6.15,5.9,6.08,14737782.0
337067,90_301215,C301215,301215,中汽股份,301215,Norm,CNE1000058K7,2023-06-29,6.05,6.26,6.05,6.18,13059975.0
337067,90_301215,C301215,301215,中汽股份,301215,Norm,CNE1000058K7,2023-06-30,6.13,6.29,6.11,6.27,13174737.0
337067,90_301215,C301215,301215,中汽股份,301215,Norm,CNE1000058K7,2023-07-03,6.25,6.52,6.25,6.48,28241207.0
337067,90_301215,C301215,301215,中汽股份,301215,Norm,CNE1000058K7,2023-07-04,6.5,6.92,6.42,6.78,58974374.0
337067,90_301215,C301215,301215,中汽股份,301215,Norm,CNE1000058K7,2023-07-05,6.76,6.76,6.51,6.54,40728348.0
337067,90_301215,C301215,301215,中汽股份,301215,Norm,CNE1000058K7,2023-07-06,6.5,6.52,6.38,6.44,22048638.0
337067,90_301215,C301215,301215,中汽股份,301215,Norm,CNE1000058K7,2023-07-07,6.4,6.49,6.33,6.38,14430469.0
337067,90_301215,C301215,301215,中汽股份,301215,Norm,CNE1000058K7,2023-07-10,6.41,6.59,6.38,6.47,23458476.0
337067,90_301215,C301215,301215,中汽股份,301215,Norm,CNE1000058K7,2023-07-11,6.44,6.88,6.35,6.8,56162052.0
337067,90_301215,C301215,301215,中汽股份,301215,Norm,CNE1000058K7,2023-07-12,6.82,7.34,6.73,6.91,77977341.0
337067,90_301215,C301215,301215,中汽股份,301215,Norm,CNE1000058K7,2023-07-13,6.83,6.88,6.68,6.78,45248790.0
337067,90_301215,C301215,301215,中汽股份,301215,Norm,CNE1000058K7,2023-07-14,6.8,6.8,6.55,6.66,29478431.0
337067,90_301215,C301215,301215,中汽股份,301215,Norm,CNE1000058K7,2023-07-17,6.6,6.63,6.47,6.56,20360451.0
337067,90_301215,C301215,301215,中汽股份,301215,Norm,CNE1000058K7,2023-07-18,6.61,6.71,6.48,6.63,25814489.0
337067,90_301215,C301215,301215,中汽股份,301215,Norm,CNE1000058K7,2023-07-19,6.56,6.7,6.5,6.58,18615619.0
337067,90_301215,C301215,301215,中汽股份,301215,Norm,CNE1000058K7,2023-07-20,6.62,6.67,6.38,6.41,21492880.0
337067,90_301215,C301215,301215,中汽股份,301215,Norm,CNE1000058K7,2023-07-21,6.4,6.43,6.27,6.32,15764541.0
337067,90_301215,C301215,301215,中汽股份,301215,Norm,CNE1000058K7,2023-07-24,6.33,6.35,6.27,6.3,7900380.0
337067,90_301215,C301215,301215,中汽股份,301215,Norm,CNE1000058K7,2023-07-25,6.38,6.62,6.35,6.58,25357008.0
337067,90_301215,C301215,301215,中汽股份,301215,Norm,CNE1000058K7,2023-07-26,6.55,6.63,6.42,6.47,13570545.0
337067,90_301215,C301215,301215,中汽股份,301215,Norm,CNE1000058K7,2023-07-27,6.63,6.77,6.47,6.5,34861425.0
337067,90_301215,C301215,301215,中汽股份,301215,Norm,CNE1000058K7,2023-07-28,6.47,6.73,6.28,6.65,31961513.0
337067,90_301215,C301215,301215,中汽股份,301215,Norm,CNE1000058K7,2023-07-31,6.68,6.79,6.66,6.71,28082402.0
337067,90_301215,C301215,301215,中汽股份,301215,Norm,CNE1000058K7,2023-08-01,6.64,6.72,6.53,6.56,17716127.0
337067,90_301215,C301215,301215,中汽股份,301215,Norm,CNE1000058K7,2023-08-02,6.57,6.59,6.46,6.51,12923753.0
337067,90_301215,C301215,301215,中汽股份,301215,Norm,CNE1000058K7,2023-08-03,6.49,6.49,6.39,6.43,8840937.0
337067,90_301215,C301215,301215,中汽股份,301215,Norm,CNE1000058K7,2023-08-04,6.45,6.48,6.35,6.37,12342769.0
337067,90_301215,C301215,301215,中汽股份,301215,Norm,CNE1000058K7,2023-08-07,6.39,6.4,6.31,6.34,9364271.0
337067,90_301215,C301215,301215,中汽股份,301215,Norm,CNE1000058K7,2023-08-08,6.33,6.4,6.28,6.35,11119344.0
337067,90_301215,C301215,301215,中汽股份,301215,Norm,CNE1000058K7,2023-08-09,6.35,6.36,6.17,6.17,13775185.0
337067,90_301215,C301215,301215,中汽股份,301215,Norm,CNE1000058K7,2023-08-10,6.18,6.24,6.17,6.22,5676352.0
337067,90_301215,C301215,301215,中汽股份,301215,Norm,CNE1000058K7,2023-08-11,6.25,6.25,6.05,6.06,11550006.0
337067,90_301215,C301215,301215,中汽股份,301215,Norm,CNE1000058K7,2023-08-14,6.0,6.1,5.98,6.09,7068533.0
337067,90_301215,C301215,301215,中汽股份,301215,Norm,CNE1000058K7,2023-08-15,6.07,6.1,5.98,6.04,6024238.0
337067,90_301215,C301215,301215,中汽股份,301215,Norm,CNE1000058K7,2023-08-16,6.01,6.07,6.0,6.03,4891200.0
337067,90_301215,C301215,301215,中汽股份,301215,Norm,CNE1000058K7,2023-08-17,6.0,6.16,5.94,6.16,8778600.0
337067,90_301215,C301215,301215,中汽股份,301215,Norm,CNE1000058K7,2023-08-18,6.12,6.22,6.07,6.09,7617984.0
337067,90_301215,C301215,301215,中汽股份,301215,Norm,CNE1000058K7,2023-08-21,6.08,6.16,6.06,6.07,5412300.0
337067,90_301215,C301215,301215,中汽股份,301215,Norm,CNE1000058K7,2023-08-22,6.09,6.2,5.99,6.19,8820979.0
337067,90_301215,C301215,301215,中汽股份,301215,Norm,CNE1000058K7,2023-08-23,6.13,6.21,6.12,6.14,6751744.0
337067,90_301215,C301215,301215,中汽股份,301215,Norm,CNE1000058K7,2023-08-24,6.11,6.16,5.98,6.0,10697580.0
337067,90_301215,C301215,301215,中汽股份,301215,Norm,CNE1000058K7,2023-08-25,5.96,6.04,5.85,5.87,9649104.0
337067,90_301215,C301215,301215,中汽股份,301215,Norm,CNE1000058K7,2023-08-28,6.19,6.25,5.99,6.0,15621996.0
337067,90_301215,C301215,301215,中汽股份,301215,Norm,CNE1000058K7,2023-08-29,6.0,6.22,5.97,6.22,17324073.0
337067,90_301215,C301215,301215,中汽股份,301215,Norm,CNE1000058K7,2023-08-30,6.21,6.24,6.1,6.15,13085258.0
337067,90_301215,C301215,301215,中汽股份,301215,Norm,CNE1000058K7,2023-08-31,6.15,6.16,5.99,6.0,11376875.0
337067,90_301215,C301215,301215,中汽股份,301215,Norm,CNE1000058K7,2023-09-01,6.03,6.07,5.99,6.05,5922887.0
337067,90_301215,C301215,301215,中汽股份,301215,Norm,CNE1000058K7,2023-09-04,6.05,6.17,6.04,6.17,8614952.0
337067,90_301215,C301215,301215,中汽股份,301215,Norm,CNE1000058K7,2023-09-05,6.17,6.17,6.08,6.11,5964300.0
337067,90_301215,C301215,301215,中汽股份,301215,Norm,CNE1000058K7,2023-09-06,6.08,6.13,6.07,6.12,5994436.0
337067,90_301215,C301215,301215,中汽股份,301215,Norm,CNE1000058K7,2023-09-07,6.11,6.12,5.97,5.98,7781900.0
337067,90_301215,C301215,301215,中汽股份,301215,Norm,CNE1000058K7,2023-09-08,5.96,6.01,5.94,5.99,4117237.0
337067,90_301215,C301215,301215,中汽股份,301215,Norm,CNE1000058K7,2023-09-11,6.02,6.17,5.99,6.15,11635231.0
337067,90_301215,C301215,301215,中汽股份,301215,Norm,CNE1000058K7,2023-09-12,6.27,6.36,6.16,6.16,17227793.0
337067,90_301215,C301215,301215,中汽股份,301215,Norm,CNE1000058K7,2023-09-13,6.21,6.23,6.0,6.04,11900065.0
337067,90_301215,C301215,301215,中汽股份,301215,Norm,CNE1000058K7,2023-09-14,6.08,6.08,5.96,5.99,6911648.0
337067,90_301215,C301215,301215,中汽股份,301215,Norm,CNE1000058K7,2023-09-15,6.01,6.08,5.98,6.04,5596334.0
337067,90_301215,C301215,301215,中汽股份,301215,Norm,CNE1000058K7,2023-09-18,6.02,6.15,5.99,6.1,9027128.0
337067,90_301215,C301215,301215,中汽股份,301215,Norm,CNE1000058K7,2023-09-19,6.1,6.1,5.99,6.0,7436921.0
337067,90_301215,C301215,301215,中汽股份,301215,Norm,CNE1000058K7,2023-09-20,6.0,6.02,5.92,5.92,5260978.0
337067,90_301215,C301215,301215,中汽股份,301215,Norm,CNE1000058K7,2023-09-21,5.9,5.93,5.76,5.78,8593784.0
337067,90_301215,C301215,301215,中汽股份,301215,Norm,CNE1000058K7,2023-09-22,5.76,5.95,5.76,5.94,6961204.0
337067,90_301215,C301215,301215,中汽股份,301215,Norm,CNE1000058K7,2023-09-25,5.95,6.02,5.92,5.96,6360185.0
337067,90_301215,C301215,301215,中汽股份,301215,Norm,CNE1000058K7,2023-09-26,5.94,5.99,5.92,5.95,4183998.0
337067,90_301215,C301215,301215,中汽股份,301215,Norm,CNE1000058K7,2023-09-27,5.96,5.98,5.92,5.92,4683385.0
337067,90_301215,C301215,301215,中汽股份,301215,Norm,CNE1000058K7,2023-09-28,5.95,6.04,5.95,6.02,6879615.0
337067,90_301215,C301215,301215,中汽股份,301215,Norm,CNE1000058K7,2023-10-09,6.02,6.12,6.02,6.1,8723787.0
337067,90_301215,C301215,301215,中汽股份,301215,Norm,CNE1000058K7,2023-10-10,6.11,6.15,6.07,6.13,8386247.0
337067,90_301215,C301215,301215,中汽股份,301215,Norm,CNE1000058K7,2023-10-11,6.13,6.18,6.08,6.09,6362744.0
337067,90_301215,C301215,301215,中汽股份,301215,Norm,CNE1000058K7,2023-10-12,6.11,6.19,6.1,6.16,9349462.0
337067,90_301215,C301215,301215,中汽股份,301215,Norm,CNE1000058K7,2023-10-13,6.18,6.22,6.13,6.17,9116435.0
337067,90_301215,C301215,301215,中汽股份,301215,Norm,CNE1000058K7,2023-10-16,6.15,6.2,6.07,6.1,8073769.0
337067,90_301215,C301215,301215,中汽股份,301215,Norm,CNE1000058K7,2023-10-17,6.14,6.14,6.0,6.04,5950887.0
337067,90_301215,C301215,301215,中汽股份,301215,Norm,CNE1000058K7,2023-10-18,6.01,6.08,5.96,5.97,6582200.0
337067,90_301215,C301215,301215,中汽股份,301215,Norm,CNE1000058K7,2023-10-19,5.94,5.94,5.76,5.78,9802966.0
337067,90_301215,C301215,301215,中汽股份,301215,Norm,CNE1000058K7,2023-10-20,5.79,5.91,5.59,5.61,11918200.0
337067,90_301215,C301215,301215,中汽股份,301215,Norm,CNE1000058K7,2023-10-23,5.59,5.65,5.46,5.5,7905524.0
337067,90_301215,C301215,301215,中汽股份,301215,Norm,CNE1000058K7,2023-10-24,5.53,5.64,5.51,5.63,7219131.0
337067,90_301215,C301215,301215,中汽股份,301215,Norm,CNE1000058K7,2023-10-25,5.62,5.79,5.61,5.76,7955462.0
337067,90_301215,C301215,301215,中汽股份,301215,Norm,CNE1000058K7,2023-10-26,5.75,5.83,5.66,5.82,7053580.0
337067,90_301215,C301215,301215,中汽股份,301215,Norm,CNE1000058K7,2023-10-27,5.82,5.91,5.79,5.87,7134987.0
337067,90_301215,C301215,301215,中汽股份,301215,Norm,CNE1000058K7,2023-10-30,5.84,5.92,5.8,5.87,8547271.0
337067,90_301215,C301215,301215,中汽股份,301215,Norm,CNE1000058K7,2023-10-31,5.85,5.91,5.81,5.84,5516241.0
337067,90_301215,C301215,301215,中汽股份,301215,Norm,CNE1000058K7,2023-11-01,5.85,6.1,5.82,5.95,10006563.0
337067,90_301215,C301215,301215,中汽股份,301215,Norm,CNE1000058K7,2023-11-02,6.0,6.15,6.0,6.04,12701831.0
337067,90_301215,C301215,301215,中汽股份,301215,Norm,CNE1000058K7,2023-11-03,6.02,6.06,5.93,6.01,9856737.0
337067,90_301215,C301215,301215,中汽股份,301215,Norm,CNE1000058K7,2023-11-06,6.0,6.08,5.98,6.07,7549796.0
337067,90_301215,C301215,301215,中汽股份,301215,Norm,CNE1000058K7,2023-11-07,6.03,6.12,6.02,6.09,8169200.0
337067,90_301215,C301215,301215,中汽股份,301215,Norm,CNE1000058K7,2023-11-08,6.1,6.16,6.05,6.09,8853679.0
337067,90_301215,C301215,301215,中汽股份,301215,Norm,CNE1000058K7,2023-11-09,6.1,6.1,5.98,6.0,9095616.0
337067,90_301215,C301215,301215,中汽股份,301215,Norm,CNE1000058K7,2023-11-10,5.97,6.02,5.93,5.96,6098559.0
337067,90_301215,C301215,301215,中汽股份,301215,Norm,CNE1000058K7,2023-11-13,5.98,6.03,5.94,6.02,5363400.0
337067,90_301215,C301215,301215,中汽股份,301215,Norm,CNE1000058K7,2023-11-14,6.02,6.07,5.99,6.06,6749870.0
337067,90_301215,C301215,301215,中汽股份,301215,Norm,CNE1000058K7,2023-11-15,6.07,6.15,6.04,6.13,9075259.0
337067,90_301215,C301215,301215,中汽股份,301215,Norm,CNE1000058K7,2023-11-16,6.13,6.14,6.06,6.06,5524974.0
337067,90_301215,C301215,301215,中汽股份,301215,Norm,CNE1000058K7,2023-11-17,6.1,6.32,6.06,6.28,21187233.0
337067,90_301215,C301215,301215,中汽股份,301215,Norm,CNE1000058K7,2023-11-20,6.38,6.7,6.38,6.5,47007149.0
337067,90_301215,C301215,301215,中汽股份,301215,Norm,CNE1000058K7,2023-11-21,6.53,6.56,6.35,6.39,26864511.0
337067,90_301215,C301215,301215,中汽股份,301215,Norm,CNE1000058K7,2023-11-22,6.35,6.4,6.27,6.28,13624616.0
337067,90_301215,C301215,301215,中汽股份,301215,Norm,CNE1000058K7,2023-11-23,6.25,7.54,6.24,7.54,96630481.0
337067,90_301215,C301215,301215,中汽股份,301215,Norm,CNE1000058K7,2023-11-24,7.32,7.39,6.81,7.01,119651798.0
337067,90_301215,C301215,301215,中汽股份,301215,Norm,CNE1000058K7,2023-11-27,7.9,8.18,7.32,7.61,139879846.0
337067,90_301215,C301215,301215,中汽股份,301215,Norm,CNE1000058K7,2023-11-28,7.51,7.66,7.16,7.32,100029381.0
337067,90_301215,C301215,301215,中汽股份,301215,Norm,CNE1000058K7,2023-11-29,7.21,7.25,6.88,6.91,75568074.0
337067,90_301215,C301215,301215,中汽股份,301215,Norm,CNE1000058K7,2023-11-30,6.83,6.89,6.59,6.72,49946103.0
337067,90_301215,C301215,301215,中汽股份,301215,Norm,CNE1000058K7,2023-12-01,6.71,6.98,6.61,6.91,53714190.0
337067,90_301215,C301215,301215,中汽股份,301215,Norm,CNE1000058K7,2023-12-04,6.84,7.1,6.83,6.95,51816051.0
337067,90_301215,C301215,301215,中汽股份,301215,Norm,CNE1000058K7,2023-12-05,6.85,7.08,6.85,6.91,51406449.0
337067,90_301215,C301215,301215,中汽股份,301215,Norm,CNE1000058K7,2023-12-06,6.84,7.03,6.77,6.84,40475088.0
337067,90_301215,C301215,301215,中汽股份,301215,Norm,CNE1000058K7,2023-12-07,6.77,6.82,6.65,6.76,31071776.0
337067,90_301215,C301215,301215,中汽股份,301215,Norm,CNE1000058K7,2023-12-08,6.75,6.76,6.52,6.55,28617270.0
337067,90_301215,C301215,301215,中汽股份,301215,Norm,CNE1000058K7,2023-12-11,6.54,6.65,6.44,6.63,20019495.0
337067,90_301215,C301215,301215,中汽股份,301215,Norm,CNE1000058K7,2023-12-12,6.6,6.72,6.58,6.7,16177272.0
337067,90_301215,C301215,301215,中汽股份,301215,Norm,CNE1000058K7,2023-12-13,6.68,6.78,6.64,6.65,15094816.0
337067,90_301215,C301215,301215,中汽股份,301215,Norm,CNE1000058K7,2023-12-14,6.65,6.7,6.56,6.59,12223532.0
337067,90_301215,C301215,301215,中汽股份,301215,Norm,CNE1000058K7,2023-12-15,6.63,6.74,6.53,6.62,15518085.0
337067,90_301215,C301215,301215,中汽股份,301215,Norm,CNE1000058K7,2023-12-18,6.64,6.64,6.45,6.48,12397342.0
337067,90_301215,C301215,301215,中汽股份,301215,Norm,CNE1000058K7,2023-12-19,6.48,6.51,6.37,6.44,10856897.0
337067,90_301215,C301215,301215,中汽股份,301215,Norm,CNE1000058K7,2023-12-20,6.45,6.49,6.33,6.35,8036143.0
337067,90_301215,C301215,301215,中汽股份,301215,Norm,CNE1000058K7,2023-12-21,6.37,6.4,6.25,6.32,11493670.0
337067,90_301215,C301215,301215,中汽股份,301215,Norm,CNE1000058K7,2023-12-22,6.33,6.35,6.19,6.21,11904016.0
337067,90_301215,C301215,301215,中汽股份,301215,Norm,CNE1000058K7,2023-12-25,6.21,6.28,6.16,6.2,7826260.0
337067,90_301215,C301215,301215,中汽股份,301215,Norm,CNE1000058K7,2023-12-26,6.21,6.22,6.04,6.06,9166669.0
337067,90_301215,C301215,301215,中汽股份,301215,Norm,CNE1000058K7,2023-12-27,6.1,6.14,6.05,6.07,7824561.0
337067,90_301215,C301215,301215,中汽股份,301215,Norm,CNE1000058K7,2023-12-28,6.11,6.13,5.96,6.09,14626968.0
337067,90_301215,C301215,301215,中汽股份,301215,Norm,CNE1000058K7,2023-12-29,6.08,6.18,6.08,6.17,11968150.0
