Date,Open,Close,High,Low,Volume,Log_Returns,Log_Trading_Range,Log_Volume_Change,Previous_10_Day_Volatility,Previous_30_Day_Volatility,Next_10_Days_Volatility,SMA14,EMA14,RSI14,MACD_h,MACD_sl,GARCH_rolling_predictions,GARCH_forward_looking_predictions
2011-08-16,10.12,9.96,10.12,9.95,1084541.0,-0.012967762769010793,0.016941112688817928,-0.4389586825621983,0.03093059525476892,0.020776552050930933,0.015352871591295421,0.0,9.96,0.0,0.0,0.0,0,0.0
2011-08-17,9.9,9.95,10.04,9.9,941410.0,-0.0010045204260054064,0.014042357123038585,-0.14153338360483225,0.03078400377750912,0.020775926531997266,0.01711034088998563,0.0,9.958666666666668,0.0,0.0,0.0,0,0.0
2011-08-18,9.98,9.81,9.98,9.81,946605.0,-0.014170277593229752,0.01718081674610117,0.00550314813252939,0.029623433653168024,0.020853737404664768,0.017971178909772834,0.0,9.938844444444445,0.0,0.0,0.0,0,0.0
2011-08-19,9.65,9.65,9.68,9.55,1106072.0,-0.01644435822637691,0.013520746795846694,0.15568837990059237,0.02862049014790881,0.020932237337154637,0.017423426654510684,0.0,9.900331851851853,0.0,0.0,0.0,0,0.0
2011-08-22,9.65,9.63,9.77,9.6,1245889.0,-0.0020746895408603194,0.01755336758090076,0.11903433088595072,0.01572493050021555,0.020900823886722396,0.016537880472169565,0.0,9.864287604938273,0.0,0.0,0.0,0,0.0
2011-08-23,9.64,9.9,9.95,9.64,1624321.0,0.027651531330509904,0.03165144254804719,0.26524055098110466,0.015539169702252944,0.02164093301799777,0.020401141599785812,0.0,9.86904925761317,0.0,0.0,0.0,0,0.0
2011-08-24,9.9,9.9,9.99,9.86,1079960.0,0.0,0.013098424045918211,-0.40816587889262124,0.01534836032078549,0.02105147219904982,0.01754709296337515,0.0,9.873176023264747,0.0,0.0,0.0,0,0.0
2011-08-25,9.9,10.13,10.19,9.88,1579769.0,0.02296656112004758,0.03089433547485676,0.3803546304053942,0.01619191663186122,0.020714961537885476,0.018863329143941985,0.0,9.907419220162781,0.0,0.0,0.0,0,0.0
2011-08-26,10.01,10.27,10.32,10.01,2327020.0,0.013725705679874967,0.03049916672628772,0.38730984522181977,0.015564943558942947,0.02066422107867869,0.016501038559794918,0.0,9.955763324141078,0.0,0.0,0.0,0,0.0
2011-08-29,10.18,10.23,10.35,10.15,1582412.0,-0.0039024439769317354,0.019512814223581643,-0.38563821376526697,0.015352871591295388,0.02065172621316318,0.015041826365256316,0.0,9.992328214255602,0.0,0.0,0.0,0,0.0
2011-08-30,10.3,9.97,10.33,9.96,1566792.0,-0.02574399598978827,0.03647521153504041,-0.009920048427076722,0.017110340889985597,0.02073862309442819,0.015064418989546217,0.0,9.98935111902152,0.0,0.0,0.0,0,0.0
2011-08-31,9.95,9.8,10.04,9.7,1274405.0,-0.01719819829722047,0.034451228754246,-0.20655081382712837,0.017971178909772803,0.020855692114521714,0.014456923938567926,0.0,9.964104303151984,0.0,0.0,0.0,0,0.0
2011-09-01,9.88,9.78,9.94,9.76,1034219.0,-0.0020429016298004754,0.018274620243481365,-0.20883285052145695,0.017423426654510653,0.0208240395163944,0.01387236079234014,0.0,9.939557062731721,0.0,0.0,0.0,0,0.0
2011-09-02,9.79,9.75,9.86,9.61,1162170.0,-0.0030721990369699803,0.025681945632342718,0.11664239471315341,0.01653788047216953,0.02066475553118569,0.014245150825648027,9.909285714285716,9.914282787700825,40.17765635822748,0.0,0.0,0,0.0
2011-09-05,9.7,9.4,9.73,9.38,1252583.0,-0.03655759573379758,0.03663413317978037,0.07491887203372016,0.020401141599785785,0.021402881566456297,0.015329322204917693,9.869285714285713,9.845711749340715,29.008826365743886,0.0,0.0,0,0.0
2011-09-06,9.4,9.4,9.48,9.34,812967.0,0.0,0.014878064026179416,-0.43227257991040524,0.017547092963375116,0.021390229105947584,0.00962119482871289,9.83,9.786283516095287,29.008826365743886,0.0,0.0,0,0.0
2011-09-07,9.45,9.56,9.62,9.42,823591.0,0.01687803778735164,0.021009176089343384,0.012983529141060046,0.01886332914394195,0.021750233488524024,0.012880567505387774,9.812142857142858,9.756112380615916,38.1276899077147,0.0,0.0,0,0.0
2011-09-08,9.56,9.55,9.72,9.55,859998.0,-0.0010465725706709783,0.017644463979708647,0.04325601620429964,0.01650103855979488,0.02175281095294089,0.01318452378876205,9.805000000000001,9.728630729867128,37.800874212449415,0.0,0.0,0,0.0
2011-09-09,9.67,9.51,9.67,9.51,751020.0,-0.004197277935340082,0.01668443290790389,-0.1354977810954665,0.015041826365256273,0.021751697685262607,0.016354384998975374,9.796428571428573,9.699479965884844,36.45482151310551,0.0,0.0,0,0.0
2011-09-13,9.46,9.48,9.49,9.34,747530.0,-0.003159560290368457,0.015932360381085253,-0.004657844329219785,0.015064418989546174,0.0217345181392124,0.01628532077687183,9.766428571428571,9.670215970433532,35.43565161144687,0.0,0.0,0,0.0
2011-09-14,9.52,9.57,9.6,9.45,842301.0,0.00944888919793252,0.015748356968139365,0.11936299430730024,0.014456923938567883,0.021479502149739062,0.022656378574589173,9.742857142857144,9.656853841042395,40.78419122434933,0.0,0.0,0,0.0
2011-09-15,9.63,9.61,9.74,9.52,1012859.0,0.004171017517338171,0.022846268851169693,0.18439487149151823,0.013872360792340095,0.021484784550586822,0.024818256816611716,9.705714285714285,9.650606662236742,43.042561052233154,0.0,0.0,0,0.0
2011-09-16,9.69,9.69,9.73,9.6,866362.0,0.008290202920473444,0.013450797724122943,-0.15622946896179002,0.014245150825647986,0.021265539825594783,0.029006928085448223,9.664285714285715,9.655859107271842,47.366083920100344,0.0,0.0,0,0.0
2011-09-19,9.68,9.51,9.68,9.45,936510.0,-0.018750549345375678,0.02404715978283445,0.07785736480793126,0.015329322204917652,0.020717411223993367,0.03342067860518147,9.612857142857141,9.636411226302265,40.00747602320093,0.0,0.0,0,0.0
2011-09-20,9.58,9.55,9.61,9.42,652272.0,0.004197277935340082,0.019969134393929444,-0.3616985470374754,0.009621194828712827,0.015413984050952425,0.032050937378594435,9.582857142857142,9.624889729461962,42.15799696267298,0.0,0.0,0,0.0
2011-09-21,9.45,9.83,9.85,9.45,1420858.0,0.02889777966643603,0.04145671367834636,0.7785545406305285,0.012880567505387729,0.015570920213805423,0.03380592719641759,9.584999999999999,9.6522377655337,54.463266683726026,0.0,0.0,0,0.0
2011-09-22,9.78,9.7,9.88,9.7,1729356.0,-0.013313048649738146,0.01838662625043952,0.19648817037593957,0.013184523788762005,0.01565837302003694,0.03983581262256916,9.579285714285716,9.658606063462539,49.22700620591359,0.0,0.0,0,0.0
2011-09-23,9.59,10.02,10.05,9.48,3173516.0,0.03245721014738168,0.05838831823815438,0.6070910366331042,0.01635438499897534,0.01651064681326015,0.03877072372215094,9.598571428571429,9.706791921667534,59.53905363280256,0.0,0.0,0,0.0
2011-09-26,9.91,9.99,10.1,9.9,2514517.0,-0.00299850299625648,0.020000666706669445,-0.23275938410922592,0.0162853207768718,0.01610840972277803,0.03860672476664043,9.640714285714285,9.74455299877853,58.34271338750971,0.0,0.0,0,0.0
2011-09-27,10.09,10.57,10.95,10.09,6073222.0,0.05643520722168427,0.08179462189699205,0.8818085340973756,0.02265637857458915,0.01902346176770748,0.04419481287414976,9.724285714285715,9.854612598941392,70.62984372356718,0.0,0.0,0,0.0
2011-09-28,10.57,10.35,10.63,10.2,3202253.0,-0.021033280170768442,0.041292472063631624,-0.6400346469218832,0.024818256816611695,0.019290812587724755,0.050076061898754874,9.780714285714286,9.920664252415872,63.034972334753554,0.0,0.0,0,0.0
2011-09-29,10.2,9.95,10.33,9.8,2835687.0,-0.03941396854087653,0.05266989745502082,-0.12157038870460646,0.029006928085448205,0.020672784127222434,0.04866081063507706,9.809285714285716,9.924575685427088,52.07137204494411,0.0,0.0,0,0.0
2011-09-30,9.98,10.52,10.8,9.98,5615026.0,0.05570565613906231,0.07896304380680119,0.6831619827684801,0.033420678605181456,0.022843639869297855,0.04449411242376817,9.881428571428572,10.00396559403681,62.168993227398396,0.0,0.0,0,0.0
2011-10-10,10.8,10.65,11.25,10.52,8397818.0,0.012281684845870444,0.06708992134086555,0.40252569156671214,0.03205093737859442,0.022630635324010974,0.0459283196763154,9.965000000000002,10.090103514831902,64.03028416998411,0.10338206573339909,0.06221169353810468,0,0.0
2011-10-11,10.95,10.41,11.05,10.25,6132275.0,-0.022793009528556674,0.0751527223793449,-0.3144061034907484,0.033805927196417576,0.023110919801135294,0.046185693202867494,10.025,10.132756379520982,58.32504302545379,0.09063418352798895,0.08487023942010193,0,0.0
2011-10-12,10.2,11.24,11.45,9.99,10810416.0,0.07671196183866735,0.13640513733978654,0.5669443070870965,0.03983581262256915,0.026440875575566607,0.04421468477255533,10.141428571428571,10.280388862251518,68.70894027129403,0.13008777945890132,0.11739218428482727,0,0.0
2011-10-13,11.15,11.35,11.69,11.04,12240071.0,0.00973889946186679,0.05720873463502807,0.12420496392406477,0.038770723722150936,0.026446916282832612,0.04049530876905283,10.260000000000002,10.423003680617983,69.78349545009011,0.15394681357014037,0.15587888767736238,0,0.0
2011-10-20,12.0,11.68,12.0,11.35,21457642.0,0.02866023347266955,0.05568890586058872,0.5613657746001159,0.03860672476664041,0.02660355539193821,0.04494223803671008,10.414999999999997,10.590603189868919,72.8011212807506,0.18046975856790357,0.20099632731933828,0,0.0
2011-10-21,11.46,11.07,12.05,10.95,10099398.0,-0.053639230679535466,0.09572520367415427,-0.7536050342106364,0.044194812874149746,0.028588424741728395,0.046162564644415066,10.52357142857143,10.654522764553064,60.728205026002364,0.14687208362327728,0.2377143482251576,0,0.0
2011-10-24,11.18,12.18,12.18,10.85,18451570.0,0.09555651556120504,0.11563018229528232,0.6026736436066926,0.05007606189875487,0.03321318431776964,0.04172972923049272,10.69142857142857,10.857919729279324,70.36038360053288,0.18678484504548148,0.284410559486528,0,0.0
2011-10-25,12.13,12.26,12.8,12.0,27603148.0,0.006546668226314445,0.06453852113757108,0.4027803624728783,0.04866081063507705,0.032673999532229145,0.032402833138080046,10.874285714285715,11.044863765375414,70.91408822136543,0.20452231676539978,0.33554113867787794,0,0.0
2011-10-26,12.0,12.47,13.2,11.91,22648069.0,0.016983829183879973,0.10283844622511618,-0.1978552297584102,0.04449411242376816,0.032399805436782565,0.03591617333787194,11.049285714285714,11.234881929992026,72.3730774017779,0.21526106749511287,0.3893564055516562,0,0.0
2011-10-27,12.2,12.07,12.45,12.0,11065646.0,-0.032602724582504905,0.03681397312271617,-0.7162292403462693,0.045928319676315395,0.03319804087065415,0.037497841277316125,11.197857142857144,11.34623100599309,65.62099716799676,0.18163081399329523,0.43476410904998003,0,0.0
2011-10-28,12.27,12.43,12.8,12.1,15894924.0,0.02938987041317942,0.056239718322876,0.3621544588882202,0.04618569320286749,0.033386497611268114,0.0418932341398058,11.330714285714285,11.490733538527346,68.47191885036491,0.1700413328057273,0.4772744422514119,0,0.0
2011-10-31,12.3,12.74,12.98,12.3,12892947.0,0.024633744621397557,0.053810448897571916,-0.20931939531106636,0.04421468477255532,0.032419645716004024,0.041069700254456415,11.501428571428571,11.657302400057032,70.72334325082389,0.16929567867440198,0.5195983619200124,0,0.0
2011-11-01,12.58,12.56,13.07,12.45,12817447.0,-0.01422948910396471,0.04859890472541428,-0.005873127967024772,0.04049530876905282,0.03267611058106034,0.04553694622252581,11.687857142857142,11.77766208004943,67.70028963185955,0.14372929931643907,0.5555306867491222,0,0.0
2011-11-02,12.3,13.51,13.56,12.25,19407468.0,0.07291299093205472,0.10159834552151326,0.4148506507537917,0.044942238036710075,0.034645130469902995,0.04498412523893101,11.901428571428571,12.008640469376173,74.01369157815337,0.17573237406352882,0.5994637802650045,0,0.0
2011-11-03,13.35,13.25,13.85,13.1,17863818.0,-0.019432599539876083,0.05567300242624196,-0.08288061405106006,0.04616256464441506,0.03503566680923314,0.039648959579261886,12.087142857142856,12.17415507345935,69.98201504208964,0.16452131043031826,0.6405941078725841,0,0.0
2011-11-04,13.23,13.0,13.57,12.88,10800720.0,-0.019048194970694432,0.05218575317057006,-0.5031645278234649,0.04172972923049271,0.03535997508345569,0.03918968764931146,12.272142857142857,12.284267730331436,66.24538103827771,0.1270753638308404,0.6723629488302942,0,0.0
2011-11-07,12.99,13.49,14.21,12.8,17446704.0,0.03699931275812762,0.10450077118343781,0.47953794971167696,0.03240283313808004,0.035587575417234646,0.03991544612094148,12.432857142857143,12.445032032953911,69.66430061536181,0.12208432000568459,0.7028840288317154,0,0.0
2011-11-08,13.49,12.98,13.63,12.91,9951844.0,-0.03853895894372039,0.054271040849890095,-0.5613928876535859,0.035916173337871934,0.0367543378056753,0.03762188678526328,12.549285714285714,12.516361095226722,62.56161773238108,0.07360110057007119,0.7212843039742334,0,0.0
2011-11-09,13.0,13.52,13.6,12.36,20520194.0,0.0407603593388739,0.0956043407124616,0.7236516138161022,0.03749784127731612,0.03715369033987293,0.03573519764023319,12.680714285714286,12.650179615863161,66.46079656650672,0.06724019373519619,0.7380943524080325,0,0.0
2011-11-10,13.22,12.71,13.41,12.7,14472678.0,-0.061780985413455,0.05439870382904122,-0.3491468783654099,0.04189323413980579,0.03948402651996814,0.03252453388962294,12.797857142857142,12.658155667081406,56.88962514565669,0.0013070854841810142,0.7384211237790776,0,0.0
2011-11-11,12.65,12.66,13.3,12.48,10783529.0,-0.003941668485332617,0.06363667228642678,-0.29424271868339247,0.04106970025445641,0.03921622978975927,0.027431089389771738,12.832142857142857,12.65840157813722,56.350158789134234,-0.05000995663611807,0.7259186346200481,0,0.0
2011-11-14,12.82,13.53,13.92,12.73,19332993.0,0.06646202546666657,0.08936524233695842,0.5837932408749822,0.0455369462225258,0.04054891062638637,0.02752287450135553,12.922857142857142,12.774614701052258,62.936080564591855,-0.030649574001206048,0.7182562411197466,0,0.0
2011-11-15,13.53,13.61,13.75,13.25,13865849.0,0.005895374480677784,0.03704127168034921,-0.33238420776072175,0.044984125238931,0.040428083339605125,0.019055139136558465,13.004285714285714,12.885999407578623,63.48171242538457,-0.01835095186525293,0.7136685031534336,0,0.0
2011-11-16,13.47,13.27,13.58,12.96,10232230.0,-0.025298968319258375,0.04673043120642095,-0.3038863679916375,0.03964895957926188,0.04073313775639355,0.01868189361243981,13.09,12.937199486568142,59.47440986748681,-0.0378848117679893,0.7041973002114363,0,0.0
2011-11-17,13.25,13.21,13.42,13.09,6270155.0,-0.004531729809882368,0.024897551621727132,-0.4897414672903171,0.03918968764931145,0.04060350745145285,0.02566802185346539,13.145714285714286,12.973572888359056,58.769373406250956,-0.05839136448236926,0.6895994590908441,0,0.0
2011-11-18,13.1,12.82,13.34,12.68,7230526.0,-0.029967667041709944,0.050741091478398115,0.14251071071239885,0.03991544612094147,0.04117768933911486,0.026747429073891237,13.151428571428571,12.953096503244517,54.26629367505175,-0.09935933815695197,0.6647596245516061,0,0.0
2011-11-21,12.72,12.83,12.89,12.49,5769379.0,0.0007797271350211687,0.03152349281360989,-0.22574733686677462,0.03762188678526327,0.040176477668641276,0.02629499364620845,13.170714285714286,12.936683636145249,54.362853647507464,-0.12525099965235365,0.6334468746385178,0,0.0
2011-11-22,12.65,12.79,13.01,12.57,4167781.0,-0.003122563036793924,0.0344052699222579,-0.325180689193596,0.03573519764023319,0.03988588180643153,0.028957380987499788,13.119285714285713,12.91712581799255,53.87287678042093,-0.14324124789801584,0.5976365626640139,0,0.0
2011-11-23,12.8,12.67,12.9,12.41,4814761.0,-0.009426621257703438,0.03872471215111073,0.1443026475812701,0.03252453388962294,0.0390481018082719,0.029034564174317094,13.077857142857143,12.884175708926877,52.34853006273315,-0.16011490218077373,0.5576078371188204,0,0.0
2011-11-24,12.65,13.01,13.45,12.51,12414588.0,0.026481298191366243,0.07245078156902851,0.9471858252812542,0.02743108938977172,0.038173097673696435,0.031642389125092006,13.078571428571427,12.900952281069962,56.13563864898081,-0.14568309255359613,0.5211870639804215,0,0.0
2011-11-25,12.9,13.18,13.48,12.89,10931366.0,0.012982236549947235,0.044755288533064874,-0.12723596124033776,0.027522874501355515,0.03817660270736781,0.030914122046372193,13.056428571428572,12.938158643593967,57.935749692551504,-0.12290312555579508,0.4904612825914727,0,0.0
2011-11-28,13.19,12.76,13.36,12.76,7233269.0,-0.0323852511577174,0.045949890191856024,-0.4129451936770945,0.019055139136558447,0.03847464582640942,0.03038783965006218,13.040714285714285,12.914404157781437,52.232606965187856,-0.13345715932944208,0.45709699275911225,0,0.0
2011-11-29,12.85,12.6,12.9,12.4,7687716.0,-0.012618463959211734,0.03953083875663532,0.060932652469347204,0.018681893612439788,0.03626975568139482,0.029672928782622794,12.975,12.87248360341058,50.20506200790935,-0.14745427065528116,0.42023342509529205,0,0.0
2011-11-30,12.55,11.81,12.77,11.72,6594832.0,-0.06475018374816122,0.08580188589558135,-0.15333741829788927,0.02566802185346538,0.038340284751280165,0.03278080336123496,12.910714285714286,12.730819122955836,41.61542327168696,-0.2027447346778815,0.3695472414258217,0,0.0
2011-12-01,12.22,11.96,12.45,11.92,5555060.0,0.012621118313214996,0.04350296127351294,-0.1715770878876235,0.026747429073891223,0.03805673406624681,0.0271527348993537,12.860714285714286,12.628043239895058,43.58893864077499,-0.22056795444842786,0.31440525281371473,0,0.0
2011-12-05,11.91,11.68,12.23,11.66,5078232.0,-0.023689771122404668,0.04772776877673479,-0.08974605459605911,0.02629499364620844,0.03695662634193872,0.029881100377974174,12.72857142857143,12.501637474575716,40.815497658669315,-0.24091198520817803,0.2541772565116702,0,0.0
2011-12-06,11.61,12.03,12.12,11.56,3858253.0,0.029525552586506354,0.04730611739693691,-0.27474867916421886,0.02895738098749978,0.032925973577125976,0.03273130514379528,12.615714285714287,12.43875247796562,45.484829161192074,-0.22101532839949506,0.1989234244117965,0,0.0
2011-12-07,11.91,12.04,12.19,11.91,3177465.0,0.000830909894087295,0.023237560125971335,-0.19413078128114414,0.029034564174317087,0.0329008400571479,0.03178526866379244,12.527857142857144,12.385585480903536,45.61684551754625,-0.19813387089994128,0.1493899566868112,0,0.0
2011-12-08,11.99,12.46,12.75,11.96,8532113.0,0.034289073478632304,0.06396352308194908,0.9877533357063673,0.031642389125092,0.033368212751358976,0.03222475405394382,12.474285714285713,12.395507416783065,50.985538557978984,-0.14796425262910756,0.11239889352953432,0,0.0
2011-12-09,12.3,12.12,12.38,12.03,3118990.0,-0.027666532718138903,0.028678737269862697,-1.0063278133136073,0.030914122046372186,0.033213853689302394,0.029378308411593407,12.424285714285714,12.358773094545324,46.94526917915438,-0.13148510217707263,0.07952761798526617,0,0.0
2011-12-12,12.11,11.85,12.26,11.85,2301539.0,-0.022529113060028028,0.03401406292692499,-0.3039312018627758,0.030387839650062178,0.032988971339332436,0.0307680183460555,12.354285714285712,12.29093668193928,43.96574266153706,-0.13221943094643718,0.046472760248656875,0,0.0
2011-12-13,11.8,11.9,12.23,11.36,6036045.0,0.004210532536343514,0.07379353640607578,0.9641709665442697,0.02967292878262279,0.03263794950927975,0.030861427485301622,12.290714285714285,12.238811791014042,44.666128573094625,-0.12298133303373246,0.015727426990223756,0,0.0
2011-12-14,11.7,11.31,11.97,11.3,3963698.0,-0.050851109989454635,0.05760079385158701,-0.4205715682517752,0.03278080336123496,0.033765909409098516,0.032568039324297825,12.193571428571428,12.114970218878838,38.54394150702612,-0.14853999314129218,-0.021407571295099292,0,0.0
2011-12-15,11.2,11.09,11.56,11.05,3323987.0,-0.019643488765753503,0.04512043528046927,-0.1760124618595338,0.027152734899353697,0.03062629172147505,0.0292566399847813,12.05642857142857,11.978307523028327,36.53313370051922,-0.17061767155074736,-0.06406198918278615,0,0.0
2011-12-16,11.13,11.5,11.53,11.06,3187253.0,0.0363032340069287,0.041617338186778596,-0.04200554874894635,0.02988110037797417,0.03149784058402192,0.029489154264368857,11.93642857142857,11.914533186624551,42.548494885200654,-0.14876218929479698,-0.10125253650648539,0,0.0
2011-12-19,11.39,12.04,12.17,11.21,6459787.0,0.04588740451147055,0.08216766991536728,0.706436927828749,0.032731305143795277,0.03268806667747536,0.02712694847943413,11.885,11.931262095074612,49.356680736001586,-0.09188059813766408,-0.12422268604090142,0,0.0
2011-12-20,12.0,11.85,12.15,11.81,3459087.0,-0.015906572299534627,0.028382539577286536,-0.6245916636979931,0.031785268663792436,0.03189799050965141,0.02074802146490086,11.831428571428573,11.920427149064663,47.23566191690453,-0.0624046276087942,-0.1398238429431,0,0.0
2011-12-21,11.98,11.63,12.36,11.61,3688426.0,-0.01873990105056711,0.0625986563197447,0.06419512736829525,0.032224754053943816,0.031365987099417764,0.024153962319533262,11.81857142857143,11.881703529189375,44.83322328275103,-0.05342344538152588,-0.1531797042884815,0,0.0
2011-12-22,11.52,11.57,11.8,10.88,4429692.0,-0.0051724253249880725,0.08117329004382245,0.18313024689563662,0.029378308411593397,0.03022310968854397,0.025197021249540756,11.790714285714285,11.840143058630792,44.17335697296601,-0.04742621877542347,-0.16503625898233737,0,0.0
2011-12-23,11.5,11.94,11.98,11.38,3887026.0,0.03147856675887084,0.051381163989118406,-0.13068571486970804,0.030768018346055494,0.02897211866191983,0.02949207427540208,11.809285714285712,11.853457317480022,49.14421658482934,-0.01606397288495684,-0.1690522522035766,0,0.0
2011-12-26,11.94,11.66,12.03,11.58,2715772.0,-0.023729927042109633,0.038124057841738335,-0.35856808161907594,0.03086142748530162,0.029239912414918787,0.02909927204883675,11.782857142857143,11.827663008482684,45.8193094885202,-0.011892353500234765,-0.17202534057863528,0,0.0
2011-12-27,11.6,11.25,11.67,11.06,3621840.0,-0.035796052271916956,0.05368645020427554,0.28790592480441823,0.03256803932429782,0.02674841892962204,0.02881539663141785,11.72642857142857,11.750641274018326,41.402173698669564,-0.03325116643785708,-0.18033813218809958,0,0.0
2011-12-28,11.1,11.0,11.25,10.76,3479646.0,-0.022472855852058604,0.044532573916790774,-0.04005161952206748,0.029256639984781292,0.026809224332112195,0.027074150729230348,11.622142857142856,11.650555770815883,38.937277537324064,-0.059205683135344495,-0.19513955297193572,0,0.0
2011-12-29,10.98,10.75,11.09,10.73,2430085.0,-0.02298951822469908,0.03300024471966845,-0.35900432830964135,0.029489154264368857,0.02675842335870718,0.0329859800715035,11.524285714285714,11.530481668040432,36.591228125265246,-0.0865451775349074,-0.2167758473556626,0,0.0
2011-12-30,10.91,10.93,11.1,10.8,3691588.0,0.016605547614775507,0.027398974188114433,0.4181304816164051,0.02712694847943413,0.027102274828687756,0.03260909728684008,11.45857142857143,11.45041744563504,39.421369951469075,-0.08568071824637014,-0.23819602691725517,0,0.0
2012-01-04,11.01,10.68,11.19,10.68,2701874.0,-0.02313846865639846,0.04664768879178505,-0.31211111145462134,0.020748021464900856,0.02692486186172769,0.035391767712439515,11.371428571428572,11.347695119550368,36.95432896065291,-0.0944301953251534,-0.2618035757485435,0,0.0
2012-01-05,10.7,10.15,10.71,9.98,3928896.0,-0.05089912804425234,0.07059479413628456,0.37441286405999286,0.024153962319533262,0.028097961296271345,0.03534406574246769,11.28857142857143,11.188002436943652,32.334449273828895,-0.12640055977231768,-0.29340371569162293,0,0.0
2012-01-06,10.17,10.23,10.35,9.98,1554867.0,0.007850874475738845,0.036403429388005115,-0.926968458959708,0.025197021249540756,0.02823219830475024,0.034146299308478394,11.227142857142857,11.060268778684499,33.68215341117876,-0.13203251985309378,-0.3264118456548964,0,0.0
2012-01-09,10.4,10.6,10.63,10.15,2768538.0,0.03552942115448632,0.04620648686606055,0.5769293716043773,0.02949207427540208,0.02929642005348974,0.03424144516345254,11.162857142857144,10.998899608193234,39.667316684708815,-0.10205279035559667,-0.3519250432437956,0,0.0
2012-01-10,10.55,10.91,10.91,10.47,3974209.0,0.028825798726957785,0.0411657749625336,0.3615063515627224,0.029099272048836746,0.029388886108563942,0.03276630638914936,11.082142857142857,10.987046327100803,44.210330217953164,-0.05492039157960571,-0.365655141138697,0,0.0
2012-01-11,10.75,10.94,11.25,10.75,4485578.0,0.0027459971488559276,0.04546237407675768,0.12104162663801432,0.02881539663141784,0.02922143169880159,0.03430692534320375,11.017142857142856,10.980773483487361,44.644734970639554,-0.017251561415996597,-0.3699680314926962,0,0.0
2012-01-12,10.86,10.8,10.98,10.76,3080975.0,-0.012879662863661157,0.020239881347746014,-0.3756212558987535,0.02707415072923034,0.028833347283356844,0.03497324188654841,10.957857142857142,10.956670352355713,42.96348703444055,0.001701341908289744,-0.36954269601562373,0,0.0
2012-01-13,10.89,10.12,10.9,10.1,3160877.0,-0.06503247027085468,0.07622736538788422,0.025603415406617813,0.0329859800715035,0.03079698927808213,0.03633600407416208,10.854285714285714,10.845114305374953,35.893169955427766,-0.026535493796893017,-0.376176569464847,0,0.0
2012-01-16,10.02,10.01,10.29,10.01,1759284.0,-0.010929070532190277,0.02758795651882906,-0.585942612644331,0.03260909728684008,0.02884078083221813,0.02903173659640832,10.71642857142857,10.73376573132496,34.892838054588836,-0.046433173987747156,-0.3877848629617838,0,0.0
2012-01-17,10.01,10.43,10.48,10.0,1963840.0,0.041101675685551786,0.04688358589885011,0.10999483212331995,0.035391767712439515,0.029907281496222148,0.0288982818463641,10.62857142857143,10.693263633814965,41.58681868835779,-0.026131771364204193,-0.39431780580283493,0,0.0
2012-01-18,10.48,10.2,10.75,10.13,3149916.0,-0.022298548722455624,0.05940443631307968,0.4724740455967176,0.03534406574246769,0.029877664426753447,0.026191818540429478,10.553571428571429,10.627495149306302,39.209382244012446,-0.023120517378875327,-0.40009793514755376,0,0.0
2012-01-19,10.29,9.78,10.29,9.75,5422630.0,-0.04204823624349929,0.05390526483620217,0.5432051517978529,0.03414629930847839,0.02992323649458048,0.025718742019292723,10.46642857142857,10.514495796065463,35.24679376889986,-0.04317690829335913,-0.4108921622208936,0,0.0
2012-01-20,9.88,9.88,10.13,9.83,2270566.0,0.010173027713050509,0.030062384101516848,-0.8705517979926594,0.03424144516345253,0.030054808789967417,0.019998500633762694,10.404285714285715,10.429896356590069,36.8823856301185,-0.04335666889017459,-0.4217313294434372,0,0.0
2012-01-30,10.01,10.1,10.25,9.91,2190067.0,0.02202291208743734,0.03373335724252069,-0.03609700265276672,0.032766306389149354,0.029558837454505875,0.020380723892179205,10.344999999999999,10.385910175711395,40.44631948064467,-0.023311781053995173,-0.42755927470693605,0,0.0
2012-01-31,10.01,10.52,10.54,10.0,3636541.0,0.04074278346234994,0.05259245011917013,0.5071008181583636,0.03430692534320375,0.030532199098791866,0.019803403638664084,10.333571428571428,10.403788818949876,46.64073316327449,0.021175403488497002,-0.4222654238348118,0,0.0
2012-02-01,10.42,10.24,10.61,10.2,3383250.0,-0.026976587698201993,0.03940923233566629,-0.07219616915162597,0.03497324188654841,0.030632289938683017,0.016317595025764693,10.34,10.38195030975656,43.399781414941465,0.03392982665496885,-0.4137829671710696,0,0.0
2012-02-02,10.35,10.51,10.59,10.2,3001587.0,0.026025565277497886,0.03752243932308996,-0.11969563717754284,0.03633600407416208,0.03111041950623527,0.0135162344453222,10.36,10.399023601789018,47.20917676521627,0.06114854398009717,-0.39849583117604537,0,0.0
2012-02-03,10.48,10.6,10.67,10.39,3445414.0,0.008526816229161849,0.02659226020252614,0.137902922613808,0.02903173659640832,0.029901521171335276,0.013346926852701693,10.36,10.425820454883818,48.45452809158503,0.08437980113695542,-0.37740088089180657,0,0.0
2012-02-06,10.58,10.51,10.71,10.49,2079478.0,-0.008526816229161849,0.020755462051451623,-0.5049271707320937,0.0288982818463641,0.029745876199749326,0.014072880015732425,10.331428571428573,10.437044394232643,47.25404209009758,0.09221447650004061,-0.3543472617667965,0,0.0
2012-02-07,10.45,10.4,10.74,10.32,2867284.0,-0.010521378741532583,0.03989132902730175,0.3212483395656811,0.02619181854042948,0.028894399404123125,0.014040287802023094,10.292857142857143,10.432105141668291,45.76172877542134,0.0885016373260577,-0.3322218524352821,0,0.0
2012-02-08,10.36,10.62,10.68,10.2,2404981.0,0.020933209666465835,0.045985113241823417,-0.17582323692571222,0.025718742019292726,0.02776516659704585,0.021897598643510863,10.28,10.457157789445853,49.216046168475586,0.09860378884377075,-0.3075709052243394,0,0.0
2012-02-09,10.61,10.69,10.85,10.52,3783013.0,0.006569709223160913,0.03088687267690471,0.4529787787524864,0.019998500633762694,0.027741153982008958,0.02183485724233251,10.320714285714285,10.488203417519738,50.300640267537204,0.10703794985770065,-0.28081141775991425,0,0.0
2012-02-10,10.62,10.65,10.83,10.55,2069343.0,-0.003748832881519615,0.02619420109082382,-0.6032896164774542,0.02038072389217921,0.027590549161744405,0.02253465059895679,10.366428571428571,10.509776295183773,49.64812568868115,0.1067206099218429,-0.25413126527945357,0,0.0
2012-02-13,10.62,10.77,10.94,10.51,2746903.0,0.011204599012863081,0.04009861210497556,0.28324292964739506,0.019803403638664088,0.02770651094101142,0.02206220433795175,10.390714285714285,10.54447278915927,51.673512040064594,0.11090222257267965,-0.22640570963628368,0,0.0
2012-02-14,10.74,10.95,10.96,10.68,3040282.0,0.016574965094212413,0.025879447987820825,0.10147617903274408,0.016317595025764697,0.02720744479625431,0.02241271076416481,10.444285714285714,10.598543083938033,54.62209034724795,0.12126077573131938,-0.19609051570345387,0,0.0
2012-02-15,11.0,11.24,11.33,10.81,3904122.0,0.026139388203035185,0.04698244338879842,0.25008264378878664,0.0135162344453222,0.027412637296820433,0.02293486618439816,10.54857142857143,10.684070672746296,58.96600612958541,0.14169146824327528,-0.16066764864263505,0,0.0
2012-02-16,11.24,11.13,11.5,11.06,4083126.0,-0.009834679178091221,0.03901203927501529,0.04482995346072727,0.013346926852701694,0.02668366308739333,0.023190943959106012,10.637857142857143,10.743527916380124,56.746996624964396,0.14151416286609636,-0.12528910792611098,0,0.0
2012-02-17,11.15,11.03,11.25,10.91,2019560.0,-0.009025332022042587,0.030688328805450027,-0.703983205618977,0.014072880015732427,0.026410898972803788,0.023176327601673985,10.704285714285716,10.781724194196107,54.73058345481599,0.12874509553175942,-0.09310283404317113,0,0.0
2012-02-20,11.22,10.94,11.26,10.88,2515577.0,-0.00819303627157586,0.034330381283747435,0.2196225347930838,0.014040287802023097,0.026101364330163378,0.02402209278647567,10.734285714285715,10.802827634969958,52.90841473833601,0.10909787187819878,-0.06582836607362144,0,0.0
2012-02-21,11.0,11.63,11.78,10.94,8885908.0,0.06116216953673792,0.0739773812296054,1.2619644503978673,0.021897598643510863,0.02822569352182668,0.02416956319649886,10.833571428571428,10.91311728364063,63.06206840148693,0.13569861468473088,-0.03190371240243872,0,0.0
2012-02-22,11.68,11.86,11.92,11.51,6203068.0,0.019583427039006285,0.03500143890341212,-0.3594226427268534,0.02183485724233251,0.027986748395813808,0.016190074479590054,10.930000000000001,11.039368312488547,65.71568367010792,0.1602268220548905,0.008152993111283903,0,0.0
2012-02-23,11.76,11.78,12.12,11.68,5544125.0,-0.006768215346138806,0.03697900324108705,-0.11230519983745246,0.02253465059895679,0.026127228718798343,0.01613998218692099,11.014285714285716,11.138119204156741,63.993621187500906,0.1620215300824376,0.04865837563189331,0,0.0
2012-02-24,11.78,11.87,12.21,11.74,4959223.0,0.007611030398135821,0.03925347372266286,-0.11148973329133938,0.02206220433795175,0.026126351669278056,0.01583308413275387,11.11142857142857,11.235703310269175,65.10157809474731,0.15995296259104627,0.0886466162796549,0,0.0
2012-02-27,12.0,11.85,12.05,11.76,4217601.0,-0.00168634104043619,0.02436071746618307,-0.16198259225199507,0.022412710764164807,0.02550067253942708,0.01576058144913829,11.215000000000002,11.317609535566618,64.62567265480433,0.14818689839766586,0.12569334087907136,0,0.0
2012-02-28,11.71,11.75,11.88,11.63,2489236.0,-0.008474626990972123,0.02126834740392569,-0.5272906469013865,0.02293486618439816,0.02514095535524659,0.016222993438521058,11.295714285714286,11.375261597491068,62.1781775638695,0.1255162666487389,0.1570724075412561,0,0.0
2012-02-29,11.81,11.53,12.04,11.53,4763385.0,-0.018900906309200494,0.043282105599707243,0.6489827138745667,0.023190943959106012,0.02544167588352988,0.015812742069828363,11.355714285714287,11.39589338449226,57.05847990656848,0.08925509857115307,0.17938618218404437,0,0.0
2012-03-01,11.46,11.42,11.55,11.32,2983530.0,-0.009586130053103492,0.020114364192766132,-0.46785138672719917,0.023176327601673985,0.025383405307280966,0.027116269520334784,11.410714285714286,11.399107599893291,54.63610828193778,0.05319302856041935,0.1926844393241492,0,0.0
2012-03-02,11.43,11.74,11.82,11.43,3163359.0,0.027635610172086267,0.03355153417123269,0.05852727449119577,0.024022092786475675,0.022428899479534636,0.027152256467429674,11.48,11.444559919907519,59.961378677366966,0.04646654043018911,0.20430107443169648,0,0.0
2012-03-05,11.75,11.62,11.95,11.61,3409653.0,-0.01027406297618505,0.02886448266771957,0.07497608886196794,0.024169563196498864,0.022413222585105228,0.0273326379080982,11.527857142857142,11.467951930586517,57.247420009611844,0.030293961596151275,0.2118745648307343,0,0.0
2012-03-06,11.51,11.89,12.08,11.51,5812826.0,0.02296995927892498,0.04833496977287721,0.5334563287754364,0.016190074479590064,0.021636350264063492,0.027201412409417227,11.574285714285713,11.524225006508315,61.472804356748945,0.033868392239125966,0.22034166289051582,0,0.0
2012-03-07,11.83,12.12,12.33,11.8,6879302.0,0.01915926993847794,0.043935785704633634,0.16845033794790965,0.016139982186921,0.02119391748741081,0.02823495262512378,11.645,11.603661672307206,64.67558790333393,0.04700258882888403,0.23209231009773684,0,0.0
