Date,Predicted_Volatility
2024-11-22 01:20:23.187730,0.016754095
2024-11-23 01:20:23.187730,0.017413381
2024-11-24 01:20:23.187730,0.02362654
2024-11-25 01:20:23.187730,0.028834272
2024-11-26 01:20:23.187730,0.013609177
2024-11-27 01:20:23.187730,0.013819811
2024-11-28 01:20:23.187730,0.020465223
2024-11-29 01:20:23.187730,0.026236966
2024-11-30 01:20:23.187730,0.014128506
2024-12-01 01:20:23.187730,0.014272579
2024-12-02 01:20:23.187730,0.02074829
2024-12-03 01:20:23.187730,0.026343364
2024-12-04 01:20:23.187730,0.014064892
2024-12-05 01:20:23.187730,0.014229597
2024-12-06 01:20:23.187730,0.02072998
2024-12-07 01:20:23.187730,0.026342096
2024-12-08 01:20:23.187730,0.014071255
2024-12-09 01:20:23.187730,0.014232909
2024-12-10 01:20:23.187730,0.020730803
2024-12-11 01:20:23.187730,0.026341721
2024-12-12 01:20:23.187730,0.014070712
2024-12-13 01:20:23.187730,0.014232717
2024-12-14 01:20:23.187730,0.020730792
2024-12-15 01:20:23.187730,0.026341781
2024-12-16 01:20:23.187730,0.014070743
2024-12-17 01:20:23.187730,0.014232727
2024-12-18 01:20:23.187730,0.020730792
2024-12-19 01:20:23.187730,0.026341775
2024-12-20 01:20:23.187730,0.014070741
2024-12-21 01:20:23.187730,0.014232716
2024-12-22 01:20:23.187730,0.020730792
2024-12-23 01:20:23.187730,0.026341777
2024-12-24 01:20:23.187730,0.014070741
2024-12-25 01:20:23.187730,0.014232719
2024-12-26 01:20:23.187730,0.02073079
2024-12-27 01:20:23.187730,0.026341777
2024-12-28 01:20:23.187730,0.014070741
2024-12-29 01:20:23.187730,0.014232721
2024-12-30 01:20:23.187730,0.02073079
2024-12-31 01:20:23.187730,0.026341777
2025-01-01 01:20:23.187730,0.014070743
2025-01-02 01:20:23.187730,0.014232721
2025-01-03 01:20:23.187730,0.02073079
2025-01-04 01:20:23.187730,0.026341777
2025-01-05 01:20:23.187730,0.014070739
2025-01-06 01:20:23.187730,0.014232719
2025-01-07 01:20:23.187730,0.020730792
2025-01-08 01:20:23.187730,0.026341781
2025-01-09 01:20:23.187730,0.014070743
2025-01-10 01:20:23.187730,0.014232721
2025-01-11 01:20:23.187730,0.020730792
2025-01-12 01:20:23.187730,0.026341775
2025-01-13 01:20:23.187730,0.014070743
2025-01-14 01:20:23.187730,0.014232719
2025-01-15 01:20:23.187730,0.020730793
2025-01-16 01:20:23.187730,0.02634178
2025-01-17 01:20:23.187730,0.014070743
2025-01-18 01:20:23.187730,0.014232719
2025-01-19 01:20:23.187730,0.020730792
2025-01-20 01:20:23.187730,0.026341777
2025-01-21 01:20:23.187730,0.014070743
2025-01-22 01:20:23.187730,0.014232719
2025-01-23 01:20:23.187730,0.020730792
2025-01-24 01:20:23.187730,0.026341777
2025-01-25 01:20:23.187730,0.014070743
2025-01-26 01:20:23.187730,0.014232719
2025-01-27 01:20:23.187730,0.020730792
2025-01-28 01:20:23.187730,0.026341777
2025-01-29 01:20:23.187730,0.014070743
2025-01-30 01:20:23.187730,0.014232719
2025-01-31 01:20:23.187730,0.020730792
2025-02-01 01:20:23.187730,0.026341777
2025-02-02 01:20:23.187730,0.014070743
2025-02-03 01:20:23.187730,0.014232719
2025-02-04 01:20:23.187730,0.020730792
2025-02-05 01:20:23.187730,0.026341777
2025-02-06 01:20:23.187730,0.014070743
2025-02-07 01:20:23.187730,0.014232719
2025-02-08 01:20:23.187730,0.020730792
2025-02-09 01:20:23.187730,0.026341777
2025-02-10 01:20:23.187730,0.014070743
2025-02-11 01:20:23.187730,0.014232719
2025-02-12 01:20:23.187730,0.020730792
2025-02-13 01:20:23.187730,0.026341777
2025-02-14 01:20:23.187730,0.014070743
2025-02-15 01:20:23.187730,0.014232719
2025-02-16 01:20:23.187730,0.020730792
2025-02-17 01:20:23.187730,0.026341777
2025-02-18 01:20:23.187730,0.014070743
2025-02-19 01:20:23.187730,0.014232719
2025-02-20 01:20:23.187730,0.020730792
2025-02-21 01:20:23.187730,0.026341777
2025-02-22 01:20:23.187730,0.014070743
2025-02-23 01:20:23.187730,0.014232719
2025-02-24 01:20:23.187730,0.020730792
2025-02-25 01:20:23.187730,0.026341777
2025-02-26 01:20:23.187730,0.014070743
2025-02-27 01:20:23.187730,0.014232719
2025-02-28 01:20:23.187730,0.020730792
2025-03-01 01:20:23.187730,0.026341777
2025-03-02 01:20:23.187730,0.014070743
2025-03-03 01:20:23.187730,0.014232719
2025-03-04 01:20:23.187730,0.020730792
2025-03-05 01:20:23.187730,0.026341777
2025-03-06 01:20:23.187730,0.014070743
2025-03-07 01:20:23.187730,0.014232719
2025-03-08 01:20:23.187730,0.020730792
2025-03-09 01:20:23.187730,0.026341777
2025-03-10 01:20:23.187730,0.014070743
2025-03-11 01:20:23.187730,0.014232719
2025-03-12 01:20:23.187730,0.020730792
2025-03-13 01:20:23.187730,0.026341777
2025-03-14 01:20:23.187730,0.014070743
2025-03-15 01:20:23.187730,0.014232719
2025-03-16 01:20:23.187730,0.020730792
2025-03-17 01:20:23.187730,0.026341777
2025-03-18 01:20:23.187730,0.014070743
2025-03-19 01:20:23.187730,0.014232719
2025-03-20 01:20:23.187730,0.020730792
2025-03-21 01:20:23.187730,0.026341777
2025-03-22 01:20:23.187730,0.014070743
2025-03-23 01:20:23.187730,0.014232719
2025-03-24 01:20:23.187730,0.020730792
2025-03-25 01:20:23.187730,0.026341777
2025-03-26 01:20:23.187730,0.014070743
2025-03-27 01:20:23.187730,0.014232719
2025-03-28 01:20:23.187730,0.020730792
2025-03-29 01:20:23.187730,0.026341777
2025-03-30 01:20:23.187730,0.014070743
2025-03-31 01:20:23.187730,0.014232719
2025-04-01 01:20:23.187730,0.020730792
2025-04-02 01:20:23.187730,0.026341777
2025-04-03 01:20:23.187730,0.014070743
2025-04-04 01:20:23.187730,0.014232719
2025-04-05 01:20:23.187730,0.020730792
2025-04-06 01:20:23.187730,0.026341777
2025-04-07 01:20:23.187730,0.014070743
2025-04-08 01:20:23.187730,0.014232719
2025-04-09 01:20:23.187730,0.020730792
2025-04-10 01:20:23.187730,0.026341777
2025-04-11 01:20:23.187730,0.014070743
2025-04-12 01:20:23.187730,0.014232719
2025-04-13 01:20:23.187730,0.020730792
2025-04-14 01:20:23.187730,0.026341777
2025-04-15 01:20:23.187730,0.014070743
2025-04-16 01:20:23.187730,0.014232719
2025-04-17 01:20:23.187730,0.020730792
2025-04-18 01:20:23.187730,0.026341777
2025-04-19 01:20:23.187730,0.014070743
2025-04-20 01:20:23.187730,0.014232719
2025-04-21 01:20:23.187730,0.020730792
2025-04-22 01:20:23.187730,0.026341777
2025-04-23 01:20:23.187730,0.014070743
2025-04-24 01:20:23.187730,0.014232719
2025-04-25 01:20:23.187730,0.020730792
2025-04-26 01:20:23.187730,0.026341777
2025-04-27 01:20:23.187730,0.014070743
2025-04-28 01:20:23.187730,0.014232719
2025-04-29 01:20:23.187730,0.020730792
2025-04-30 01:20:23.187730,0.026341777
2025-05-01 01:20:23.187730,0.014070743
2025-05-02 01:20:23.187730,0.014232719
2025-05-03 01:20:23.187730,0.020730792
2025-05-04 01:20:23.187730,0.026341777
2025-05-05 01:20:23.187730,0.014070743
2025-05-06 01:20:23.187730,0.014232719
2025-05-07 01:20:23.187730,0.020730792
2025-05-08 01:20:23.187730,0.026341777
2025-05-09 01:20:23.187730,0.014070743
2025-05-10 01:20:23.187730,0.014232719
2025-05-11 01:20:23.187730,0.020730792
2025-05-12 01:20:23.187730,0.026341777
2025-05-13 01:20:23.187730,0.014070743
2025-05-14 01:20:23.187730,0.014232719
2025-05-15 01:20:23.187730,0.020730792
2025-05-16 01:20:23.187730,0.026341777
2025-05-17 01:20:23.187730,0.014070743
2025-05-18 01:20:23.187730,0.014232719
2025-05-19 01:20:23.187730,0.020730792
2025-05-20 01:20:23.187730,0.026341777
2025-05-21 01:20:23.187730,0.014070743
2025-05-22 01:20:23.187730,0.014232719
2025-05-23 01:20:23.187730,0.020730792
2025-05-24 01:20:23.187730,0.026341777
2025-05-25 01:20:23.187730,0.014070743
2025-05-26 01:20:23.187730,0.014232719
2025-05-27 01:20:23.187730,0.020730792
2025-05-28 01:20:23.187730,0.026341777
2025-05-29 01:20:23.187730,0.014070743
2025-05-30 01:20:23.187730,0.014232719
2025-05-31 01:20:23.187730,0.020730792
2025-06-01 01:20:23.187730,0.026341777
2025-06-02 01:20:23.187730,0.014070743
2025-06-03 01:20:23.187730,0.014232719
2025-06-04 01:20:23.187730,0.020730792
2025-06-05 01:20:23.187730,0.026341777
2025-06-06 01:20:23.187730,0.014070743
2025-06-07 01:20:23.187730,0.014232719
2025-06-08 01:20:23.187730,0.020730792
2025-06-09 01:20:23.187730,0.026341777
2025-06-10 01:20:23.187730,0.014070743
2025-06-11 01:20:23.187730,0.014232719
2025-06-12 01:20:23.187730,0.020730792
2025-06-13 01:20:23.187730,0.026341777
2025-06-14 01:20:23.187730,0.014070743
2025-06-15 01:20:23.187730,0.014232719
2025-06-16 01:20:23.187730,0.020730792
2025-06-17 01:20:23.187730,0.026341777
2025-06-18 01:20:23.187730,0.014070743
2025-06-19 01:20:23.187730,0.014232719
2025-06-20 01:20:23.187730,0.020730792
2025-06-21 01:20:23.187730,0.026341777
2025-06-22 01:20:23.187730,0.014070743
2025-06-23 01:20:23.187730,0.014232719
2025-06-24 01:20:23.187730,0.020730792
2025-06-25 01:20:23.187730,0.026341777
2025-06-26 01:20:23.187730,0.014070743
2025-06-27 01:20:23.187730,0.014232719
2025-06-28 01:20:23.187730,0.020730792
2025-06-29 01:20:23.187730,0.026341777
2025-06-30 01:20:23.187730,0.014070743
2025-07-01 01:20:23.187730,0.014232719
2025-07-02 01:20:23.187730,0.020730792
2025-07-03 01:20:23.187730,0.026341777
2025-07-04 01:20:23.187730,0.014070743
2025-07-05 01:20:23.187730,0.014232719
2025-07-06 01:20:23.187730,0.020730792
2025-07-07 01:20:23.187730,0.026341777
2025-07-08 01:20:23.187730,0.014070743
2025-07-09 01:20:23.187730,0.014232719
2025-07-10 01:20:23.187730,0.020730792
2025-07-11 01:20:23.187730,0.026341777
2025-07-12 01:20:23.187730,0.014070743
2025-07-13 01:20:23.187730,0.014232719
2025-07-14 01:20:23.187730,0.020730792
2025-07-15 01:20:23.187730,0.026341777
2025-07-16 01:20:23.187730,0.014070743
2025-07-17 01:20:23.187730,0.014232719
2025-07-18 01:20:23.187730,0.020730792
2025-07-19 01:20:23.187730,0.026341777
2025-07-20 01:20:23.187730,0.014070743
2025-07-21 01:20:23.187730,0.014232719
2025-07-22 01:20:23.187730,0.020730792
2025-07-23 01:20:23.187730,0.026341777
2025-07-24 01:20:23.187730,0.014070743
2025-07-25 01:20:23.187730,0.014232719
2025-07-26 01:20:23.187730,0.020730792
2025-07-27 01:20:23.187730,0.026341777
2025-07-28 01:20:23.187730,0.014070743
2025-07-29 01:20:23.187730,0.014232719
2025-07-30 01:20:23.187730,0.020730792
2025-07-31 01:20:23.187730,0.026341777
2025-08-01 01:20:23.187730,0.014070743
2025-08-02 01:20:23.187730,0.014232719
2025-08-03 01:20:23.187730,0.020730792
2025-08-04 01:20:23.187730,0.026341777
2025-08-05 01:20:23.187730,0.014070743
2025-08-06 01:20:23.187730,0.014232719
2025-08-07 01:20:23.187730,0.020730792
2025-08-08 01:20:23.187730,0.026341777
2025-08-09 01:20:23.187730,0.014070743
2025-08-10 01:20:23.187730,0.014232719
2025-08-11 01:20:23.187730,0.020730792
2025-08-12 01:20:23.187730,0.026341777
2025-08-13 01:20:23.187730,0.014070743
2025-08-14 01:20:23.187730,0.014232719
2025-08-15 01:20:23.187730,0.020730792
2025-08-16 01:20:23.187730,0.026341777
2025-08-17 01:20:23.187730,0.014070743
2025-08-18 01:20:23.187730,0.014232719
2025-08-19 01:20:23.187730,0.020730792
2025-08-20 01:20:23.187730,0.026341777
2025-08-21 01:20:23.187730,0.014070743
2025-08-22 01:20:23.187730,0.014232719
2025-08-23 01:20:23.187730,0.020730792
2025-08-24 01:20:23.187730,0.026341777
2025-08-25 01:20:23.187730,0.014070743
2025-08-26 01:20:23.187730,0.014232719
2025-08-27 01:20:23.187730,0.020730792
2025-08-28 01:20:23.187730,0.026341777
2025-08-29 01:20:23.187730,0.014070743
2025-08-30 01:20:23.187730,0.014232719
2025-08-31 01:20:23.187730,0.020730792
2025-09-01 01:20:23.187730,0.026341777
2025-09-02 01:20:23.187730,0.014070743
2025-09-03 01:20:23.187730,0.014232719
2025-09-04 01:20:23.187730,0.020730792
2025-09-05 01:20:23.187730,0.026341777
2025-09-06 01:20:23.187730,0.014070743
2025-09-07 01:20:23.187730,0.014232719
2025-09-08 01:20:23.187730,0.020730792
2025-09-09 01:20:23.187730,0.026341777
2025-09-10 01:20:23.187730,0.014070743
2025-09-11 01:20:23.187730,0.014232719
2025-09-12 01:20:23.187730,0.020730792
2025-09-13 01:20:23.187730,0.026341777
2025-09-14 01:20:23.187730,0.014070743
2025-09-15 01:20:23.187730,0.014232719
2025-09-16 01:20:23.187730,0.020730792
2025-09-17 01:20:23.187730,0.026341777
2025-09-18 01:20:23.187730,0.014070743
2025-09-19 01:20:23.187730,0.014232719
2025-09-20 01:20:23.187730,0.020730792
2025-09-21 01:20:23.187730,0.026341777
2025-09-22 01:20:23.187730,0.014070743
2025-09-23 01:20:23.187730,0.014232719
2025-09-24 01:20:23.187730,0.020730792
2025-09-25 01:20:23.187730,0.026341777
2025-09-26 01:20:23.187730,0.014070743
2025-09-27 01:20:23.187730,0.014232719
2025-09-28 01:20:23.187730,0.020730792
2025-09-29 01:20:23.187730,0.026341777
2025-09-30 01:20:23.187730,0.014070743
2025-10-01 01:20:23.187730,0.014232719
2025-10-02 01:20:23.187730,0.020730792
2025-10-03 01:20:23.187730,0.026341777
2025-10-04 01:20:23.187730,0.014070743
2025-10-05 01:20:23.187730,0.014232719
2025-10-06 01:20:23.187730,0.020730792
2025-10-07 01:20:23.187730,0.026341777
2025-10-08 01:20:23.187730,0.014070743
2025-10-09 01:20:23.187730,0.014232719
2025-10-10 01:20:23.187730,0.020730792
2025-10-11 01:20:23.187730,0.026341777
2025-10-12 01:20:23.187730,0.014070743
2025-10-13 01:20:23.187730,0.014232719
2025-10-14 01:20:23.187730,0.020730792
2025-10-15 01:20:23.187730,0.026341777
2025-10-16 01:20:23.187730,0.014070743
2025-10-17 01:20:23.187730,0.014232719
2025-10-18 01:20:23.187730,0.020730792
2025-10-19 01:20:23.187730,0.026341777
2025-10-20 01:20:23.187730,0.014070743
2025-10-21 01:20:23.187730,0.014232719
2025-10-22 01:20:23.187730,0.020730792
2025-10-23 01:20:23.187730,0.026341777
2025-10-24 01:20:23.187730,0.014070743
2025-10-25 01:20:23.187730,0.014232719
2025-10-26 01:20:23.187730,0.020730792
2025-10-27 01:20:23.187730,0.026341777
2025-10-28 01:20:23.187730,0.014070743
2025-10-29 01:20:23.187730,0.014232719
2025-10-30 01:20:23.187730,0.020730792
2025-10-31 01:20:23.187730,0.026341777
2025-11-01 01:20:23.187730,0.014070743
2025-11-02 01:20:23.187730,0.014232719
2025-11-03 01:20:23.187730,0.020730792
2025-11-04 01:20:23.187730,0.026341777
2025-11-05 01:20:23.187730,0.014070743
2025-11-06 01:20:23.187730,0.014232719
2025-11-07 01:20:23.187730,0.020730792
2025-11-08 01:20:23.187730,0.026341777
2025-11-09 01:20:23.187730,0.014070743
2025-11-10 01:20:23.187730,0.014232719
2025-11-11 01:20:23.187730,0.020730792
2025-11-12 01:20:23.187730,0.026341777
2025-11-13 01:20:23.187730,0.014070743
2025-11-14 01:20:23.187730,0.014232719
2025-11-15 01:20:23.187730,0.020730792
2025-11-16 01:20:23.187730,0.026341777
2025-11-17 01:20:23.187730,0.014070743
2025-11-18 01:20:23.187730,0.014232719
2025-11-19 01:20:23.187730,0.020730792
2025-11-20 01:20:23.187730,0.026341777
2025-11-21 01:20:23.187730,0.014070743
